country,metric_id,old_value,new_value,old_year,new_year,old_confidence,new_confidence,reason,new_source
Brazil,pe_sugar_production,44.7,43.8,2025/26,2025/26,High,High,"Standardise all countries on one USDA circular, one season and raw value.","USDA FAS - Sugar: World Markets and Trade (May 2026), 2025/26 centrifugal sugar, raw value"
India,pe_sugar_production,35.25,30.0,2025/26,2025/26,High,High,"Standardise all countries on one USDA circular, one season and raw value.","USDA FAS - Sugar: World Markets and Trade (May 2026), 2025/26 centrifugal sugar, raw value"
Thailand,pe_sugar_production,10.25,11.3,2025/26,2025/26,High,Medium,"Standardise all countries on one USDA circular, one season and raw value.","USDA FAS - Sugar: World Markets and Trade (May 2026), 2025/26 centrifugal sugar, raw value"
China,pe_sugar_production,11.5,11.5,2025/26,2025/26,High,Medium,"Standardise all countries on one USDA circular, one season and raw value.","USDA FAS - Sugar: World Markets and Trade (May 2026), 2025/26 centrifugal sugar, raw value"
Mexico,pe_sugar_production,5.4,5.49,2025/26,2025/26,High,Medium,"Standardise all countries on one USDA circular, one season and raw value.","USDA FAS - Sugar: World Markets and Trade (May 2026), 2025/26 centrifugal sugar, raw value"
Indonesia,pe_sugar_production,2.6,2.7,2025/26,2025/26,Medium,Medium,"Standardise all countries on one USDA circular, one season and raw value.","USDA FAS - Sugar: World Markets and Trade (May 2026), 2025/26 centrifugal sugar, raw value"
Vietnam,pe_sugar_production,1.298,1.35,2025/26,2025/26,Low,Medium,"Standardise all countries on one USDA circular, one season and raw value.","USDA FAS - Sugar: World Markets and Trade (May 2026), 2025/26 centrifugal sugar, raw value"
Chile,pe_sugar_production,,0.0,2025/26,2026/27,Low,Medium,Missing value replaced by explicit zero for the forward-looking period (operation after 2027).,Iansa material fact to CMF (Apr 2026): no domestic beet purchases for 2026-27; via BioBioChile / Emol
Brazil,pe_electricity_price,0.159,0.131,2023-2025,2023-2025,Medium,Medium,Same source and period (2023-25 average) as the other countries.,"GlobalPetrolPrices.com - Electricity prices for businesses (1,000,000 kWh/yr), 2023-2025 average"
Brazil,pe_water_stress,1.0,1.42,2021,2018,Medium,Medium,Single vintage for all countries (2018); 2021+ not retrievable for all eight.,"FAO AQUASTAT SDG 6.4.2 (World Bank ER.H2O.FWST.ZS), via IndexMundi ranking"
China,ma_aquafeed_volume,22.62,22.62,2024,2024,High,High,"Standardised definition: commercial aquafeed volume (production/consumption), latest 2024-2025, source hierarchy national association > USDA > Alltech > derived.",China Feed Industry Association - 2024 national feed statistics (aquatic feed 22.62 Mt)
Vietnam,ma_aquafeed_volume,6.5,6.5,2025,2025,Medium,Medium,"Standardised definition: commercial aquafeed volume (production/consumption), latest 2024-2025, source hierarchy national association > USDA > Alltech > derived.","USDA FAS GAIN - Vietnam Grain and Feed Annual (VM2026-0012), aquaculture feed CY2025"
India,ma_aquafeed_volume,2.89,2.89,2025,2025,Medium,Medium,"Standardised definition: commercial aquafeed volume (production/consumption), latest 2024-2025, source hierarchy national association > USDA > Alltech > derived.",Alltech Agri-Food Outlook 2026 (2025 feed survey)
Brazil,ma_aquafeed_volume,1.69,1.9,2024,2025,Medium,Medium,"Standardised definition: commercial aquafeed volume (production/consumption), latest 2024-2025, source hierarchy national association > USDA > Alltech > derived.","Sindiracoes - 2025 preview (aquaculture 1.3 Mt to Sep; full-year projection 1.9 Mt), via Band/Canal Rural"
Indonesia,ma_aquafeed_volume,3.25,1.84,2020,2025,Low,Medium,"Standardised definition: commercial aquafeed volume (production/consumption), latest 2024-2025, source hierarchy national association > USDA > Alltech > derived.",GPMT data via Aqua Culture Asia Pacific - Aquafeeds in 2025 (shrimp 0.40 Mt + fish 1.43 Mt)
Thailand,ma_aquafeed_volume,0.41,1.05,2023,2025,Low,Medium,"Standardised definition: commercial aquafeed volume (production/consumption), latest 2024-2025, source hierarchy national association > USDA > Alltech > derived.",Thai Feed Mills Association projection via Aqua Culture Asia Pacific (shrimp 0.50 Mt + fish 0.55 Mt)
Chile,ma_aquafeed_volume,1.5,1.29,2025,2025,Low,Low,"Standardised definition: commercial aquafeed volume (production/consumption), latest 2024-2025, source hierarchy national association > USDA > Alltech > derived.","Derived: salmonid volume 2025 (exports 982,840 t WFE Jan-Nov, annualised ~1.07 Mt) x feed conversion 1.2 (Chilean Salmon Council)"
Mexico,ma_aquafeed_volume,0.178,0.40,2014,2024,Low,Medium,"Standardised definition: commercial aquafeed volume (production/consumption), latest 2024-2025, source hierarchy national association > USDA > Alltech > derived.",CONAFAB aquaculture group via Lider Empresarial (shrimp feed ~0.32 Mt + tilapia feed ~0.08 Mt)
Mexico,ma_lpi_score,2.9,2.9,2023,2023,Low,Medium,Checked against World Bank report: 2.9 confirmed (not 3.0); confidence raised.,"World Bank - Logistics Performance Index 2023 (Connecting to Compete), table row: rank 66, score 2.9"
Thailand,sr_local_competition_overcapacity,10.0,7.5,2026,2026,Low,Low,Rubric applied consistently: SE Asian markets face Chinese import competition; 10 reserved for no producers and low import exposure.,Analyst assessment against the published rubric (see methodology_and_sources.md)
Vietnam,sr_local_competition_overcapacity,10.0,7.5,2026,2026,Low,Low,Rubric applied consistently: SE Asian markets face Chinese import competition; 10 reserved for no producers and low import exposure.,Analyst assessment against the published rubric (see methodology_and_sources.md)
Indonesia,sr_local_competition_overcapacity,10.0,7.5,2026,2026,Low,Low,Rubric applied consistently: SE Asian markets face Chinese import competition; 10 reserved for no producers and low import exposure.,Analyst assessment against the published rubric (see methodology_and_sources.md)
