parameter,unit,shared,brazil,brazil_low,brazil_high,thailand,thailand_low,thailand_high,type,source,notes
capacity,t product per year,yes,20000,20000,20000,20000,20000,20000,assumption,Analyst,"New unit sized at 20 kt/yr of DHA-rich algal biomass (AlgaPrime-type). Replace with Corbion's target capacity."
dha_content,fraction of product,yes,0.30,0.25,0.35,0.30,0.25,0.35,sourced,"Fish Farming Expert (2016): AlgaPrime 'contains 30 per cent DHA'; AlgaPrime DHA P3 min 35% (Corbion pet brochure)","Used only to express cost per kg DHA."
utilisation_steady,fraction,yes,0.90,0.85,0.95,0.90,0.85,0.95,assumption,Analyst,"Steady-state utilisation from year 3; ramp-up 50% (yr1) and 80% (yr2)."
sugar_kg_per_kg,kg sugar per kg product,yes,3.0,2.5,4.0,3.0,2.5,4.0,derived,"Schizochytrium fed-batch: 0.103 g DHA/g glucose (busca.umc.cl, malate study) / 30% DHA = 2.9 kg/kg; review cites ~5 t sugar per t oil","Largest process uncertainty; request Corbion's actual yield."
electricity_kwh_per_kg,kWh per kg product,yes,2.5,1.5,4.0,2.5,1.5,4.0,assumption,Analyst,"Aeration/agitation of aerobic fermentation plus drying; replace with plant data."
steam_t_per_t,t steam per t product,yes,5.0,3.0,8.0,5.0,3.0,8.0,assumption,Analyst,"Sterilisation, evaporation and drying."
water_m3_per_t,m3 per t product,yes,40,25,80,40,25,80,assumption,Analyst,"Process + cooling make-up + effluent treatment."
other_variable,USD per t product,yes,250,150,400,250,150,400,assumption,Analyst,"Nitrogen/nutrients, antifoam, antioxidants, packaging."
capex_greenfield,USD per t annual capacity,yes,8000,5000,12000,8000,5000,12000,assumption,"Anchors: Veramaris Blair plant USD 200m (SeafoodSource 2019); Solazyme-Bunge Moema 100 kt/yr oil nameplate with >USD 100m BNDES debt + equity (Solazyme 10-K 2014)","Order-of-magnitude only; replace with EPC estimate."
construction_split_y1,fraction of capex in year -1,yes,0.4,0.4,0.4,0.4,0.4,0.4,assumption,Analyst,"Two-year build: 40% / 60%."
maintenance_pct_capex,fraction of capex per year,yes,0.03,0.02,0.04,0.03,0.02,0.04,assumption,"Bioprocess TEA practice (fixed costs ~3-4% of direct capex)",""
overhead_insurance_pct_capex,fraction of capex per year,yes,0.015,0.01,0.02,0.015,0.01,0.02,assumption,Analyst,""
working_capital_pct_revenue,fraction of revenue,yes,0.12,0.08,0.18,0.12,0.08,0.18,assumption,Analyst,""
depreciation_years,years,yes,15,15,15,15,15,15,assumption,Analyst,"Straight line, tax depreciation simplified."
project_years,years of operation,yes,20,20,20,20,20,20,assumption,Analyst,""
location_capex_factor,multiplier,no,1.10,1.00,1.25,1.00,0.90,1.10,assumption,"Analyst; Brazil: import duty on equipment unless Ex-tarifario, 'Custo Brasil'; Thailand: BOI duty exemption on machinery (PwC Tax Summaries)","Replace with EPC location factors."
brownfield_capex_factor,multiplier,no,0.75,0.60,0.90,1.00,1.00,1.00,assumption,"Undercurrent News 2021 ('ample room to expand' at Orindiuva)","Brazil base case = expansion at Orindiuva: shared utilities, land, licences, mill integration. Brazil greenfield case sets this to 1.0."
headcount,FTE,no,70,50,100,110,80,150,assumption,Analyst,"Brownfield shares site services; greenfield needs full staffing."
labour_cost_per_fte,USD per FTE-year (loaded),no,25900,18000,34000,11900,8500,15500,derived,"Brazil: PNAD 2025 average work income R$3,560/month (IBGE via Exame) x1.8 skill premium x13.3 months x1.7 payroll charges / BRL 5.59; Thailand: Bank of Thailand manufacturing wage 14,531 THB/month (Q3 2024, via Trading Economics) x1.8 x13 x1.15 / THB 32.86","Skill premium and charges are assumptions."
sugar_price,USD per t sugar,no,429,350,550,639,580,760,sourced,"Brazil: CEPEA/ESALQ crystal sugar SP R$120.31/50kg (Jul 2025) / BRL 5.59; Thailand: ex-refinery white sugar 21 THB/kg (Sep 2024 committee; +3 THB proposal Nov 2025 withdrawn) / THB 32.86","Thai domestic price is administered; 19-25 THB/kg range. Brazil range covers mill discount to export parity."
electricity_price,USD per kWh,no,0.10,0.07,0.131,0.128,0.11,0.14,mixed,"Grid: GlobalPetrolPrices business 2023-25 avg (Brazil 0.131, Thailand 0.128); Brazil base assumes bagasse power from adjacent mill","Brazil high case = grid price; Brazil greenfield case uses grid price."
steam_price,USD per t steam,no,8,3,15,28,18,36,mixed,"Brazil: bagasse cogeneration (thermoeconomic heat cost ~R$8.85/MWh, UFF Engevista 2024) plus transfer margin; Thailand: gas ~378 THB/MMBtu retail (Intratec Feb 2025) x ~2.9 MMBtu/t steam, biomass boiler as low case","Brazil greenfield away from a mill would pay more."
water_price,USD per m3,no,0.6,0.3,1.5,0.9,0.6,1.3,assumption,Analyst,"Own water rights + treatment (Brazil) vs IEAT estate tariff (Thailand)."
freight,USD per t product delivered,no,100,70,160,80,55,150,derived,"Lanes per 40ft (20 t payload, 1/3 each to China, Vietnam, Chile): Santos-Shanghai ~USD 0.8-1.1k (Agora Freight Jan 2026), Santos-HCMC ~1.1k, Santos-San Antonio ~1.5k (assumption); Laem Chabang-Shanghai ~0.5k, -HCMC ~0.4k, -San Antonio 1.9-6.7k (forwarder Jul 2026; Sino-shipping Oct 2026); inland Orindiuva-Santos ~USD 40/t, Thai inland ~15/t","Get bookable quotes; rates are volatile."
indirect_tax_leakage,fraction of opex,no,0.015,0.0,0.04,0.003,0.0,0.01,assumption,"Analyst; LC 214/2025 (CBS/IBS export immunity and faster refunds from 2027)","Unrecovered ICMS/PIS/COFINS credits on export inputs (Brazil) vs VAT refunds for exporters (Thailand)."
income_tax_rate,fraction,no,0.34,0.30,0.34,0.20,0.20,0.20,sourced,"KPMG/PwC: Brazil 34% (IRPJ 25% + CSLL 9%); Thailand 20%","Brazil low case = JCP/Lei do Bem reductions."
tax_holiday_years,years,no,0,0,0,8,8,8,sourced,"Thailand BOI biotech/bio-based: 8-year CIT exemption (PwC Tax Summaries; BOI)",""
holiday_floor_rate,fraction,no,0.0,0.0,0.0,0.15,0.0,0.15,sourced,"Thailand Emergency Decree on Top-Up Tax B.E. 2567 (QDMTT, effective 2025; Forvis Mazars); Corbion FY2025 revenue EUR 1,267m > EUR 750m threshold","During the BOI holiday Corbion pays 15% top-up. Low case (0%) = BOI Qualified Refundable Tax Credit fully offsets it (proposed Nov 2025)."
risk_free,fraction,yes,0.043,0.040,0.046,0.043,0.040,0.046,assumption,Analyst,"US 10-year Treasury, approx."
mature_erp,fraction,yes,0.0423,0.0423,0.0423,0.0423,0.0423,0.0423,sourced,"Damodaran implied ERP, January 2026 (BVWire)",""
default_spread,fraction,no,0.0248,0.0200,0.0350,0.0136,0.0100,0.0200,sourced,"Damodaran country default spreads: Thailand Baa1 1.36% (Jan 2026); Brazil Ba1 2.48% (Jan 2025; 2026 row not retrieved)","Country risk premium = default spread x 1.5 (equity/bond volatility)."
beta,unlevered-ish,yes,1.0,0.8,1.2,1.0,0.8,1.2,assumption,Analyst,"Specialty ingredients."
debt_share,fraction of capital,yes,0.30,0.20,0.40,0.30,0.20,0.40,assumption,Analyst,""
debt_margin,fraction over risk-free + spread,yes,0.015,0.010,0.025,0.015,0.010,0.025,assumption,Analyst,""
inflation_usd,fraction,yes,0.02,0.02,0.02,0.02,0.02,0.02,assumption,Analyst,"Used to convert nominal USD WACC into real terms; model is in constant 2025 USD."
fx_rate,local currency per USD,no,5.59,4.20,7.00,32.86,29.60,36.10,sourced,"Federal Reserve annual average 2025 (BRL 5.59; THB 32.86); ranges = BRL +/-25%, THB +/-10%","Base rates used to convert local-currency inputs."
fx_exposed_share_opex,fraction of local opex moving with FX,no,0.55,0.55,0.55,0.75,0.75,0.75,assumption,Analyst,"Brazil sugar tracks export parity (USD-linked); Thai sugar, power and wages are administered in THB."
fx_exposed_share_capex,fraction of capex in local currency,no,0.50,0.50,0.50,0.50,0.50,0.50,assumption,Analyst,""
