parameter,gap_min,gap_max,swing,shared
sugar_price,409.3,1150.1,740.9,no
brownfield_capex_factor,507.4,1058.0,550.6,no
location_capex_factor,595.0,924.8,329.8,no
sugar_kg_per_kg,679.9,988.3,308.4,yes
default_spread,647.7,863.6,216.0,no
electricity_price,703.0,859.8,156.9,no
freight,721.0,853.5,132.6,no
steam_t_per_t,742.4,843.0,100.6,yes
indirect_tax_leakage,722.3,818.9,96.5,no
steam_price,732.1,823.2,91.1,no
headcount,735.8,813.9,78.1,no
labour_cost_per_fte,748.5,816.0,67.5,no
electricity_kwh_per_kg,756.0,822.7,66.8,yes
water_price,745.6,798.9,53.2,no
debt_share,758.8,805.5,46.7,yes
capex_greenfield,766.0,804.9,38.9,yes
holiday_floor_rate,750.2,782.7,32.4,no
maintenance_pct_capex,767.6,797.8,30.2,yes
income_tax_rate,782.7,807.7,25.1,no
water_m3_per_t,778.3,794.4,16.2,yes
overhead_insurance_pct_capex,775.1,790.2,15.1,yes
beta,778.6,786.7,8.1,yes
working_capital_pct_revenue,779.1,785.0,5.9,yes
debt_margin,781.3,785.4,4.1,yes
other_variable,780.2,784.3,4.1,yes
utilisation_steady,781.6,783.9,2.3,yes
risk_free,782.0,783.3,1.3,yes
dha_content,782.7,782.7,0.0,yes
fx_rate,782.7,782.7,0.0,no
