country,criterion,subcriterion,metric_id,metric_label,raw_value,unit,reference_year,method,direction,goalpost_worst,goalpost_best,normalized_score,weight_in_subcriterion,nominal_weight_base_case,value_type,confidence,source_name,source_url,notes
Brazil,corbion_readiness,cr_assets,cr_existing_manufacturing,Existing Corbion manufacturing (rubric),10.0,score (0-10 rubric),2026,qualitative,rubric,,,10.0,1.0,0.075,estimate,High,"Corbion - Omega-3 DHA from algae (Orindiuva, Brazil plant next to sugarcane mill)",https://www.corbion.com/solutions/algae/sustainable-omega-3-sourcing,Operating AlgaPrime DHA heterotrophic fermentation plant at Orindiuva next to a sugarcane mill; company reported ample room to expand (Undercurrent 2021).
Brazil,corbion_readiness,cr_commercial,cr_commercial_innovation_presence,Commercial / innovation presence (rubric),7.5,score (0-10 rubric),2026,qualitative,rubric,,,7.5,1.0,0.0375,estimate,Medium,"Corbion - Our global presence (manufacturing in USA, Thailand, Brazil, Netherlands, Spain, Mexico)",https://www.corbion.com/about-us/our-company/our-global-presence,"Local legal entity, plant-based technical team and Latin American commercial coverage; algae innovation centre is not in Brazil."
Brazil,corbion_readiness,cr_talent,cr_fermentation_talent,Fermentation talent (rubric),10.0,score (0-10 rubric),2026,qualitative,rubric,,,10.0,1.0,0.0375,estimate,Medium,"Undercurrent News - Corbion's algal business ramps up, ample room to expand in Brazil (2021)",https://www.undercurrentnews.com/2021/06/30/corbions-algal-business-starting-to-blossom-as-firm-ramps-up-volumes-markets/,Existing Corbion algae production team plus large sugar-ethanol fermentation labour pool in Sao Paulo state.
Brazil,market_access,ma_aquafeed,ma_aquafeed_volume,Aquafeed volume (Mt),1.9,Mt feed,2025,log,higher is better,0.1,25.0,5.333,1.0,0.06999999999999999,estimate,Medium,"Sindiracoes - 2025 preview (aquaculture 1.3 Mt to Sep; full-year projection 1.9 Mt), via Band/Canal Rural",https://www.band.com.br/agro/noticias/producao-de-racoes-para-animais-tem-alta-de-28-em-2025-aponta-sindicato-202512051209,Full-year projection made in Sep 2025; 2026 outlook ~2.0 Mt.
Brazil,market_access,ma_customers,ma_biomar_customer_proximity,BioMar / customer proximity (rubric),5.0,score (0-10 rubric),2026,qualitative,rubric,,,5.0,1.0,0.03,estimate,Low,Analyst assessment against the published rubric (see methodology_and_sources.md),,"No BioMar plant (nearest BioMar sites: Ecuador, Chile); global feed majors with local plants (Cargill, Nutreco)."
Brazil,market_access,ma_logistics,ma_distance_priority_markets,"Mean distance to China, Vietnam, Chile (km, derived)",12841.0,km (mean great-circle),2026,linear,lower is better,15000.0,3000.0,1.799,0.5,0.020000000000000004,proxy,Medium,Derived: great-circle distance from main port to priority markets; export markets only (own market excluded),,"Shanghai: 18,568 km / Ho Chi Minh City: 16,816 km / Puerto Montt (salmon hub): 3,138 km"
Brazil,market_access,ma_logistics,ma_lpi_score,World Bank LPI 2023 (1-5),3.2,LPI score (1-5),2023,linear,higher is better,2.5,4.0,4.667,0.5,0.020000000000000004,reported,High,World Bank - Logistics Performance Index 2023 (Connecting to Compete),https://lpi.worldbank.org/sites/default/files/2023-04/LPI_2023_report.pdf,
Brazil,market_access,ma_species,ma_premium_species,Premium / DHA-intensive species (rubric),5.0,score (0-10 rubric),2024,qualitative,rubric,,,5.0,1.0,0.06,estimate,Medium,"Peixe BR 2024 via Food Business MEA - Brazil farmed fish 968,745 t, tilapia 68%",https://www.foodbusinessmea.com/brazils-aquaculture-industry-production-hit-more-than-900000-tonnes-in-2024-brazilian-farming-fish-association/,Tilapia is 68% of farmed fish (low DHA inclusion); shrimp sector small; pet food is a secondary outlet.
Brazil,production_economics,pe_energy,pe_electricity_price,Business electricity price (USD/kWh),0.131,USD/kWh,2023-2025,linear,lower is better,0.25,0.06,6.263,0.4,0.036,reported,Medium,"GlobalPetrolPrices.com - Electricity prices for businesses (1,000,000 kWh/yr), 2023-2025 average",https://www.globalpetrolprices.com/electricity_prices/,"2023-2025 average, same basis as other countries; Dec 2025 snapshot was USD 0.159/kWh."
Brazil,production_economics,pe_energy,pe_renewable_share_electricity,Renewable share of electricity (%),87.3,% of generation,2024,linear,higher is better,10.0,90.0,9.662,0.3,0.027,reported,High,"Ember Global Electricity Review / Yearly Electricity Data, via Our World in Data energy dataset (renewables_share_elec)",https://github.com/owid/energy-data/blob/master/owid-energy-data.csv,
Brazil,production_economics,pe_energy,pe_steam_biomass_cogeneration,Steam / biomass cogeneration (rubric),10.0,score (0-10 rubric),2025,qualitative,rubric,,,10.0,0.3,0.027,estimate,Medium,Analyst assessment against the published rubric (see methodology_and_sources.md),,"Bagasse cogeneration at sugar-ethanol mills is the norm in the Centre-South; mill-adjacent steam and power widely available. Corbion's own Orindiuva set-up is scored in Readiness, not here."
Brazil,production_economics,pe_labor,pe_construction_epc_capability,Construction / EPC capability (rubric),7.5,score (0-10 rubric),2025,qualitative,rubric,,,7.5,0.4,0.018,estimate,Low,Analyst assessment against the published rubric (see methodology_and_sources.md),,Deep sugar-ethanol fermentation EPC base; construction costs raised by 'Custo Brasil' and import tariffs on equipment.
Brazil,production_economics,pe_labor,pe_gdp_per_capita,"GDP per capita (USD, labour-cost proxy)",10295.0,USD (current),2023,linear,lower is better,18000.0,2000.0,4.816,0.6,0.027,proxy,High,"World Bank WDI NY.GDP.MKTP.CD / SP.POP.TOTL (GDP per capita derived), via datasets/gdp and datasets/population mirrors",https://github.com/datasets/gdp,Proxy for labour cost level (GDP 2023 / population 2023).
Brazil,production_economics,pe_sugar,pe_sugar_cost_position,Sugar cost position (rubric),10.0,score (0-10 rubric),2025,qualitative,rubric,,,10.0,0.5,0.0525,estimate,Medium,Czapp - Sugar cost of production across the world (2025),https://www.czapp.com/analyst-insights/sugar-cost-of-production-across-the-world/,Lowest-cost cane producer and largest exporter; domestic price tracks world price; no export restrictions.
Brazil,production_economics,pe_sugar,pe_sugar_production,Domestic sugar production (Mt),43.8,Mt raw value,2025/26,log,higher is better,0.5,40.0,10.0,0.5,0.0525,reported,High,"USDA FAS - Sugar: World Markets and Trade (May 2026), 2025/26 centrifugal sugar, raw value",https://www.fas.usda.gov/data/sugar-world-markets-and-trade-05282026,2026/27 forecast 42.5 Mt.
Brazil,production_economics,pe_water,pe_industrial_water_wastewater_infra,Industrial water & effluent infrastructure (rubric),5.0,score (0-10 rubric),2025,qualitative,rubric,,,5.0,0.5,0.03,estimate,Low,Analyst assessment against the published rubric (see methodology_and_sources.md),,Abundant raw water; industrial wastewater infrastructure depends on site; most sugar-belt sites self-treat.
Brazil,production_economics,pe_water,pe_water_stress,"Water stress, SDG 6.4.2 (%)",1.42,% of renewable freshwater withdrawn,2018,linear,lower is better,80.0,5.0,10.0,0.5,0.03,reported,Medium,"FAO AQUASTAT SDG 6.4.2 (World Bank ER.H2O.FWST.ZS), via IndexMundi ranking",https://www.indexmundi.com/facts/indicators/ER.H2O.FWST.ZS/rankings,"2018, same vintage as the other seven countries. 2021-2022 values exist in the World Bank series but could not be retrieved for all countries (portal blocked)."
Brazil,regulation_incentives,ri_approvals,ri_local_production_permitting,Ability to BUILD/OPERATE locally (rubric),10.0,score (0-10 rubric),2026,qualitative,rubric,,,10.0,0.4,0.024,estimate,Medium,"Corbion - Omega-3 DHA from algae (Orindiuva, Brazil plant next to sugarcane mill)",https://www.corbion.com/solutions/algae/sustainable-omega-3-sourcing,"Licensed algae fermentation site already operating; expansion is a permit amendment, not a greenfield licence."
Brazil,regulation_incentives,ri_approvals,ri_product_approvals,Approval to SELL AlgaPrime (rubric),10.0,score (0-10 rubric),2026,qualitative,rubric,,,10.0,0.6,0.036,estimate,Medium,"Corbion - Omega-3 DHA from algae (Orindiuva, Brazil plant next to sugarcane mill)",https://www.corbion.com/solutions/algae/sustainable-omega-3-sourcing,AlgaPrime DHA is produced and exported from Brazil; product registrations in place for domestic sale and export.
Brazil,regulation_incentives,ri_tax,ri_corporate_tax_rate,Statutory corporate tax rate (%),34.0,% statutory,2025,linear,lower is better,35.0,15.0,0.5,0.5,0.0225,reported,High,KPMG Corporate tax rates table (2025) / PwC Worldwide Tax Summaries,https://kpmg.com/dk/en/services/tax/corporate-tax/corporate-tax-rates-table.html,IRPJ 25% + CSLL 9%.
Brazil,regulation_incentives,ri_tax,ri_investment_incentives,Investment incentives (rubric),5.0,score (0-10 rubric),2026,qualitative,rubric,,,5.0,0.5,0.0225,estimate,Medium,PwC Worldwide Tax Summaries - Corporate tax credits and incentives (country pages),https://taxsummaries.pwc.com/,No general tax holiday for Sao Paulo state (SUDENE/SUDAM regional reductions not applicable); Lei do Bem R&D deductions; 2026-2033 consumption-tax reform adds transition uncertainty.
Brazil,regulation_incentives,ri_trade,ri_trade_fdi_access,Trade agreements & FDI openness (rubric),2.5,score (0-10 rubric),2026,qualitative,rubric,,,2.5,1.0,0.045,estimate,Medium,Analyst assessment against the published rubric (see methodology_and_sources.md),,Mercosur customs union; ACE-35 with Chile; no FTA with China or Vietnam; high common external tariff on capital equipment.
Brazil,strategic_risk,sr_competition,sr_local_competition_overcapacity,Local competition / overcapacity (rubric),10.0,score (0-10 rubric),2026,qualitative,rubric,,,10.0,1.0,0.1,estimate,Medium,"Corbion - Omega-3 DHA from algae (Orindiuva, Brazil plant next to sugarcane mill)",https://www.corbion.com/solutions/algae/sustainable-omega-3-sourcing,Corbion is the only known algal-DHA fermentation producer in Brazil; no announced local competitor projects found.
Brazil,strategic_risk,sr_country,sr_political_trade_policy_risk,Political / trade-policy risk (rubric),5.0,score (0-10 rubric),2026,qualitative,rubric,,,5.0,0.5,0.04000000000000001,estimate,Medium,Analyst assessment against the published rubric (see methodology_and_sources.md),,"Fiscal pressure and BRL volatility, October 2026 elections, tax-reform transition; stable rule of law for contracts."
Brazil,strategic_risk,sr_country,sr_sovereign_rating_notch,"S&P sovereign rating (notch, 1 = AAA)",12.0,S&P notch (1=AAA); BB,2026,linear,lower is better,16.0,4.0,3.333,0.5,0.04000000000000001,reported,Medium,"S&P Global Ratings long-term foreign-currency sovereign ratings, via TradingEconomics / countryeconomy aggregators",https://tradingeconomics.com/country-list/rating,S&P BB (affirmed June 2025; outlook reported differently across sources).
Brazil,strategic_risk,sr_ip,sr_ip_protection,IP protection - USTR Special 301 status (rubric),5.0,score (0-10 rubric),2026,qualitative,rubric,,,5.0,1.0,0.020000000000000004,reported,High,USTR - 2026 Special 301 Report (released 30 Apr 2026),https://ustr.gov/about/policy-offices/press-office/press-releases/2026/april/ustr-releases-2026-special-301-report-intellectual-property-protection-and-enforcement,Watch List (2026).
Chile,corbion_readiness,cr_assets,cr_existing_manufacturing,Existing Corbion manufacturing (rubric),0.0,score (0-10 rubric),2026,qualitative,rubric,,,0.0,1.0,0.075,estimate,Medium,"Corbion - Our global presence (manufacturing in USA, Thailand, Brazil, Netherlands, Spain, Mexico)",https://www.corbion.com/about-us/our-company/our-global-presence,No Corbion facility found.
Chile,corbion_readiness,cr_commercial,cr_commercial_innovation_presence,Commercial / innovation presence (rubric),2.5,score (0-10 rubric),2026,qualitative,rubric,,,2.5,1.0,0.0375,estimate,Low,Undercurrent News - Chilean farmer Ventisqueros to use AlgaPrime-based BioMar feed (2017),https://www.undercurrentnews.com/2017/04/26/chilean-farmer-ventisqueros-to-use-algaprime-based-feed/,Served via BioMar and partners; no Corbion office identified.
Chile,corbion_readiness,cr_talent,cr_fermentation_talent,Fermentation talent (rubric),2.5,score (0-10 rubric),2026,qualitative,rubric,,,2.5,1.0,0.0375,estimate,Low,Analyst assessment against the published rubric (see methodology_and_sources.md),,Small industrial-fermentation labour pool.
Chile,market_access,ma_aquafeed,ma_aquafeed_volume,Aquafeed volume (Mt),1.29,Mt feed,2025,log,higher is better,0.1,25.0,4.631,1.0,0.06999999999999999,estimate,Low,"Derived: salmonid volume 2025 (exports 982,840 t WFE Jan-Nov, annualised ~1.07 Mt) x feed conversion 1.2 (Chilean Salmon Council)",https://www.seafoodsource.com/news/supply-trade/chile-s-salmon-exports-surpass-usd-6-5-billion-in-2025,Production-based estimate replaces installed capacity (1.5 Mt) used in v1. Exports used as a proxy for harvest.
Chile,market_access,ma_customers,ma_biomar_customer_proximity,BioMar / customer proximity (rubric),10.0,score (0-10 rubric),2026,qualitative,rubric,,,10.0,1.0,0.03,estimate,High,"BioMar - Our history (Chile factories, global footprint)",https://www.biomar.com/our-story/our-history,BioMar owns fish-feed factories in Chile; AlgaPrime used in Chilean salmon feed since 2017.
Chile,market_access,ma_logistics,ma_distance_priority_markets,"Mean distance to China, Vietnam, Chile (km, derived)",18115.0,km (mean great-circle),2026,linear,lower is better,15000.0,3000.0,0.0,0.5,0.020000000000000004,proxy,Medium,Derived: great-circle distance from main port to priority markets; export markets only (own market excluded),,"Shanghai: 18,760 km / Ho Chi Minh City: 17,471 km"
Chile,market_access,ma_logistics,ma_lpi_score,World Bank LPI 2023 (1-5),3.0,LPI score (1-5),2023,linear,higher is better,2.5,4.0,3.333,0.5,0.020000000000000004,reported,Medium,World Bank - Logistics Performance Index 2023 (Connecting to Compete),https://lpi.worldbank.org/sites/default/files/2023-04/LPI_2023_report.pdf,
Chile,market_access,ma_species,ma_premium_species,Premium / DHA-intensive species (rubric),10.0,score (0-10 rubric),2024,qualitative,rubric,,,10.0,1.0,0.06,estimate,Medium,"SERNAPESCA data via World Fishing - Chile fish farming 1.46 Mt (salmon 0.97 Mt), 2024",https://www.worldfishing.net/?p=28325,Salmonids (0.97 Mt in 2024) have the highest DHA inclusion of any farmed species.
Chile,production_economics,pe_energy,pe_electricity_price,Business electricity price (USD/kWh),0.161,USD/kWh,2023-2025,linear,lower is better,0.25,0.06,4.684,0.4,0.036,reported,Medium,"GlobalPetrolPrices.com - Electricity prices for businesses (1,000,000 kWh/yr), 2023-2025 average",https://www.globalpetrolprices.com/electricity_prices/,2023-2025 average; Dec 2025 snapshot USD 0.207/kWh.
Chile,production_economics,pe_energy,pe_renewable_share_electricity,Renewable share of electricity (%),70.0,% of generation,2024,linear,higher is better,10.0,90.0,7.5,0.3,0.027,reported,High,"Ember Global Electricity Review / Yearly Electricity Data, via Our World in Data energy dataset (renewables_share_elec)",https://github.com/owid/energy-data/blob/master/owid-energy-data.csv,
Chile,production_economics,pe_energy,pe_steam_biomass_cogeneration,Steam / biomass cogeneration (rubric),2.5,score (0-10 rubric),2025,qualitative,rubric,,,2.5,0.3,0.027,estimate,Low,Analyst assessment against the published rubric (see methodology_and_sources.md),,No sugar-mill cogeneration; forestry biomass in the south only.
Chile,production_economics,pe_labor,pe_construction_epc_capability,Construction / EPC capability (rubric),5.0,score (0-10 rubric),2025,qualitative,rubric,,,5.0,0.4,0.018,estimate,Low,Analyst assessment against the published rubric (see methodology_and_sources.md),,"Strong mining/industrial EPC base, high construction cost, little fermentation experience."
Chile,production_economics,pe_labor,pe_gdp_per_capita,"GDP per capita (USD, labour-cost proxy)",17068.0,USD (current),2023,linear,lower is better,18000.0,2000.0,0.582,0.6,0.027,proxy,High,"World Bank WDI NY.GDP.MKTP.CD / SP.POP.TOTL (GDP per capita derived), via datasets/gdp and datasets/population mirrors",https://github.com/datasets/gdp,Proxy for labour cost level.
Chile,production_economics,pe_sugar,pe_sugar_cost_position,Sugar cost position (rubric),2.5,score (0-10 rubric),2025,qualitative,rubric,,,2.5,0.5,0.0525,estimate,Medium,BioBioChile - Iansa will not buy domestic sugar beet for 2026-27 (CMF material fact),https://www.biobiochile.cl/noticias/economia/negocios-y-empresas/2026/04/29/duro-golpe-para-la-industria-de-la-remolacha-iansa-anuncia-que-no-comprara-en-el-mercado-chileno.shtml,Feedstock would be imported raw cane sugar at world price plus freight and price-band duties; no domestic cane/beet base from 2026.
Chile,production_economics,pe_sugar,pe_sugar_production,Domestic sugar production (Mt),0.0,Mt raw value,2026/27,log,higher is better,0.5,40.0,0.0,0.5,0.0525,reported,Medium,Iansa material fact to CMF (Apr 2026): no domestic beet purchases for 2026-27; via BioBioChile / Emol,https://www.emol.com/noticias/Economia/2026/05/11/1199512/radiografia-remolacha-chile.html,"Explicit zero: last beet plant stops processing domestic beet from 2026-27 (Iansa will refine imported raw cane sugar). 2025 campaign had ~7,700 ha harvested; implied ~0.12 Mt (derived from ~230 kt on 14,324 ha in an earlier campaign) - not used because the plant would operate after 2027."
Chile,production_economics,pe_water,pe_industrial_water_wastewater_infra,Industrial water & effluent infrastructure (rubric),5.0,score (0-10 rubric),2025,qualitative,rubric,,,5.0,0.5,0.03,estimate,Low,Analyst assessment against the published rubric (see methodology_and_sources.md),,Good utilities in the south (salmon region); water-rights constraints in the centre/north.
Chile,production_economics,pe_water,pe_water_stress,"Water stress, SDG 6.4.2 (%)",21.6,% of renewable freshwater withdrawn,2018,linear,lower is better,80.0,5.0,7.787,0.5,0.03,reported,Medium,"FAO AQUASTAT SDG 6.4.2 (World Bank ER.H2O.FWST.ZS), via IndexMundi ranking",https://www.indexmundi.com/facts/indicators/ER.H2O.FWST.ZS/rankings,2018 national value masks severe scarcity in central and northern basins.
Chile,regulation_incentives,ri_approvals,ri_local_production_permitting,Ability to BUILD/OPERATE locally (rubric),5.0,score (0-10 rubric),2026,qualitative,rubric,,,5.0,0.4,0.024,estimate,Low,Analyst assessment against the published rubric (see methodology_and_sources.md),,Open FDI; SEA environmental assessment and water-rights permitting can be long.
Chile,regulation_incentives,ri_approvals,ri_product_approvals,Approval to SELL AlgaPrime (rubric),7.5,score (0-10 rubric),2026,qualitative,rubric,,,7.5,0.6,0.036,estimate,Medium,Undercurrent News - Chilean farmer Ventisqueros to use AlgaPrime-based BioMar feed (2017),https://www.undercurrentnews.com/2017/04/26/chilean-farmer-ventisqueros-to-use-algaprime-based-feed/,AlgaPrime in commercial salmon feed since 2017. Same fact informs Market Access (customer proximity); here it only evidences legal use.
Chile,regulation_incentives,ri_tax,ri_corporate_tax_rate,Statutory corporate tax rate (%),27.0,% statutory,2025,linear,lower is better,35.0,15.0,4.0,0.5,0.0225,reported,High,KPMG Corporate tax rates table (2025) / PwC Worldwide Tax Summaries,https://kpmg.com/dk/en/services/tax/corporate-tax/corporate-tax-rates-table.html,
Chile,regulation_incentives,ri_tax,ri_investment_incentives,Investment incentives (rubric),2.5,score (0-10 rubric),2026,qualitative,rubric,,,2.5,0.5,0.0225,estimate,Medium,PwC Worldwide Tax Summaries - Corporate tax credits and incentives (country pages),https://taxsummaries.pwc.com/,No general tax holiday; limited regional incentives and R&D tax credit.
Chile,regulation_incentives,ri_trade,ri_trade_fdi_access,Trade agreements & FDI openness (rubric),10.0,score (0-10 rubric),2026,qualitative,rubric,,,10.0,1.0,0.045,estimate,Medium,Analyst assessment against the published rubric (see methodology_and_sources.md),,"Most extensive FTA network: China, Vietnam, Thailand, Indonesia CEPA, CPTPP, EU; very open FDI regime."
Chile,strategic_risk,sr_competition,sr_local_competition_overcapacity,Local competition / overcapacity (rubric),7.5,score (0-10 rubric),2026,qualitative,rubric,,,7.5,1.0,0.1,estimate,Medium,"Evonik - Veramaris (Blair, Nebraska) algal oil for salmon feed",https://elements.evonik.com/en/articles/OnlineOnly/veramaris.html,No local algal-DHA producer; market contested by imports from Veramaris and dsm-firmenich into salmon feed.
Chile,strategic_risk,sr_country,sr_political_trade_policy_risk,Political / trade-policy risk (rubric),7.5,score (0-10 rubric),2026,qualitative,rubric,,,7.5,0.5,0.04000000000000001,estimate,Medium,Analyst assessment against the published rubric (see methodology_and_sources.md),,Strong institutions and low macro risk; regulatory uncertainty on salmon-farming concessions.
Chile,strategic_risk,sr_country,sr_sovereign_rating_notch,"S&P sovereign rating (notch, 1 = AAA)",6.0,S&P notch (1=AAA); A,2026,linear,lower is better,16.0,4.0,8.333,0.5,0.04000000000000001,reported,Medium,"S&P Global Ratings long-term foreign-currency sovereign ratings, via TradingEconomics / countryeconomy aggregators",https://tradingeconomics.com/country-list/rating,
Chile,strategic_risk,sr_ip,sr_ip_protection,IP protection - USTR Special 301 status (rubric),2.5,score (0-10 rubric),2026,qualitative,rubric,,,2.5,1.0,0.020000000000000004,reported,High,USTR - 2026 Special 301 Report (released 30 Apr 2026),https://ustr.gov/about/policy-offices/press-office/press-releases/2026/april/ustr-releases-2026-special-301-report-intellectual-property-protection-and-enforcement,Priority Watch List (2026).
China,corbion_readiness,cr_assets,cr_existing_manufacturing,Existing Corbion manufacturing (rubric),2.5,score (0-10 rubric),2026,qualitative,rubric,,,2.5,1.0,0.075,estimate,High,"Corbion Annual Report 2024 - Group structure (Corbion Trading (Shanghai), Corbion India)",https://annualreport.corbion.com/annual-report-2024/other-information-1/group-structure,Corbion Trading (Shanghai) - commercial entity only; no Corbion manufacturing in China.
China,corbion_readiness,cr_commercial,cr_commercial_innovation_presence,Commercial / innovation presence (rubric),5.0,score (0-10 rubric),2026,qualitative,rubric,,,5.0,1.0,0.0375,estimate,Medium,"Corbion Annual Report 2024 - Group structure (Corbion Trading (Shanghai), Corbion India)",https://annualreport.corbion.com/annual-report-2024/other-information-1/group-structure,Wholly-owned trading company and sales team; no algae application/innovation centre identified.
China,corbion_readiness,cr_talent,cr_fermentation_talent,Fermentation talent (rubric),7.5,score (0-10 rubric),2026,qualitative,rubric,,,7.5,1.0,0.0375,estimate,Medium,Analyst assessment against the published rubric (see methodology_and_sources.md),,Deepest industrial-fermentation labour pool globally (country ecosystem; Corbion has no plant team there).
China,market_access,ma_aquafeed,ma_aquafeed_volume,Aquafeed volume (Mt),22.62,Mt feed,2024,log,higher is better,0.1,25.0,9.819,1.0,0.06999999999999999,reported,High,China Feed Industry Association - 2024 national feed statistics (aquatic feed 22.62 Mt),https://www.chinafeed.org.cn/hyfx/202502/t20250215_452996.htm,"Industrial aquatic feed, 2024 (2025 aquatic split not yet published; total feed +8.6% in 2025)."
China,market_access,ma_customers,ma_biomar_customer_proximity,BioMar / customer proximity (rubric),10.0,score (0-10 rubric),2026,qualitative,rubric,,,10.0,1.0,0.03,estimate,High,BioMar - Wuxi (China) JV with Tongwei capacity expansion,https://www.fishfarmingexpert.com/aquafeed-biomar-factory-expansion/biomar-targets-new-species-with-factory-expansion-in-china/2068647,"BioMar-Tongwei JV feed plants in Wuxi and Zhuhai (~200 kt), Wuxi expansion in 2026."
China,market_access,ma_logistics,ma_distance_priority_markets,"Mean distance to China, Vietnam, Chile (km, derived)",10515.0,km (mean great-circle),2026,linear,lower is better,15000.0,3000.0,3.738,0.5,0.020000000000000004,proxy,Medium,Derived: great-circle distance from main port to priority markets; export markets only (own market excluded),,"Ho Chi Minh City: 2,732 km / Puerto Montt (salmon hub): 18,298 km"
China,market_access,ma_logistics,ma_lpi_score,World Bank LPI 2023 (1-5),3.7,LPI score (1-5),2023,linear,higher is better,2.5,4.0,8.0,0.5,0.020000000000000004,reported,High,World Bank - Logistics Performance Index 2023 (Connecting to Compete),https://lpi.worldbank.org/sites/default/files/2023-04/LPI_2023_report.pdf,
China,market_access,ma_species,ma_premium_species,Premium / DHA-intensive species (rubric),7.5,score (0-10 rubric),2024,qualitative,rubric,,,7.5,1.0,0.06,estimate,Medium,FAO - The State of World Fisheries and Aquaculture 2024,https://www.fao.org/3/cd0683en/online/sofia/2024/aquaculture-production.html,"Largest shrimp and marine-finfish feed market, but most volume is carp/freshwater species with low DHA inclusion."
China,production_economics,pe_energy,pe_electricity_price,Business electricity price (USD/kWh),0.097,USD/kWh,2023-2025,linear,lower is better,0.25,0.06,8.053,0.4,0.036,reported,Medium,"GlobalPetrolPrices.com - Electricity prices for businesses (1,000,000 kWh/yr), 2023-2025 average",https://www.globalpetrolprices.com/electricity_prices/,2023-2025 average; industrial tariffs vary by province.
China,production_economics,pe_energy,pe_renewable_share_electricity,Renewable share of electricity (%),33.7,% of generation,2024,linear,higher is better,10.0,90.0,2.963,0.3,0.027,reported,High,"Ember Global Electricity Review / Yearly Electricity Data, via Our World in Data energy dataset (renewables_share_elec)",https://github.com/owid/energy-data/blob/master/owid-energy-data.csv,
China,production_economics,pe_energy,pe_steam_biomass_cogeneration,Steam / biomass cogeneration (rubric),7.5,score (0-10 rubric),2025,qualitative,rubric,,,7.5,0.3,0.027,estimate,Medium,Analyst assessment against the published rubric (see methodology_and_sources.md),,Chemical parks supply central steam (mostly coal/gas-fired); bagasse cogeneration only in Guangxi/Yunnan cane areas.
China,production_economics,pe_labor,pe_construction_epc_capability,Construction / EPC capability (rubric),10.0,score (0-10 rubric),2025,qualitative,rubric,,,10.0,0.4,0.018,estimate,Medium,Analyst assessment against the published rubric (see methodology_and_sources.md),,"World's largest fermentation EPC and equipment base (amino acids, vitamins, PLA, DHA) with low construction cost."
China,production_economics,pe_labor,pe_gdp_per_capita,"GDP per capita (USD, labour-cost proxy)",12614.0,USD (current),2023,linear,lower is better,18000.0,2000.0,3.366,0.6,0.027,proxy,High,"World Bank WDI NY.GDP.MKTP.CD / SP.POP.TOTL (GDP per capita derived), via datasets/gdp and datasets/population mirrors",https://github.com/datasets/gdp,Proxy for labour cost level.
China,production_economics,pe_sugar,pe_sugar_cost_position,Sugar cost position (rubric),2.5,score (0-10 rubric),2025,qualitative,rubric,,,2.5,0.5,0.0525,estimate,Medium,VietnamPlus / VSSA regional sugar price comparison (2025),https://en.vietnamplus.vn/vietnams-sugar-prices-move-against-global-trends-post311895.vnp,"Net importer; tariff-rate quota (15% in-quota, 50% out-of-quota); domestic refined price ~USD 760-810/t in late 2025, materially above world white sugar."
China,production_economics,pe_sugar,pe_sugar_production,Domestic sugar production (Mt),11.5,Mt raw value,2025/26,log,higher is better,0.5,40.0,7.155,0.5,0.0525,reported,Medium,"USDA FAS - Sugar: World Markets and Trade (May 2026), 2025/26 centrifugal sugar, raw value",https://www.fas.usda.gov/data/sugar-world-markets-and-trade-05282026,USDA official 2025/26; USDA Guangzhou post estimates 12.6 Mt (April 2026 Sugar Annual); 2026/27 forecast 12.7 Mt. Net importer.
China,production_economics,pe_water,pe_industrial_water_wastewater_infra,Industrial water & effluent infrastructure (rubric),7.5,score (0-10 rubric),2025,qualitative,rubric,,,7.5,0.5,0.03,estimate,Medium,Analyst assessment against the published rubric (see methodology_and_sources.md),,Chemical/bio parks with centralised wastewater treatment and strict discharge standards.
China,production_economics,pe_water,pe_water_stress,"Water stress, SDG 6.4.2 (%)",43.2,% of renewable freshwater withdrawn,2018,linear,lower is better,80.0,5.0,4.907,0.5,0.03,reported,Medium,"FAO AQUASTAT SDG 6.4.2 (World Bank ER.H2O.FWST.ZS), via IndexMundi ranking",https://www.indexmundi.com/facts/indicators/ER.H2O.FWST.ZS/rankings,2018 value; strong north-south disparity.
China,regulation_incentives,ri_approvals,ri_local_production_permitting,Ability to BUILD/OPERATE locally (rubric),5.0,score (0-10 rubric),2026,qualitative,rubric,,,5.0,0.4,0.024,estimate,Medium,Analyst assessment against the published rubric (see methodology_and_sources.md),,Local manufacture needs MARA feed-additive production licence and possibly new-strain/new feed-additive registration; manufacturing open to FDI.
China,regulation_incentives,ri_approvals,ri_product_approvals,Approval to SELL AlgaPrime (rubric),7.5,score (0-10 rubric),2026,qualitative,rubric,,,7.5,0.6,0.036,estimate,High,Corbion - Chinese GACC approvals for AlgaPrime DHA and AlgaVia DHA (Jul 2025),https://www.mfn.se/one/a/corbion-n-v/corbion-secures-chinese-regulatory-approvals-for-algae-derived-omega-3-dha-products-in-human-and-animal-nutrition-ca1e6ba2,GACC registrations (Jul 2025) allow AlgaPrime DHA and AlgaVia DHA to be SOLD in China for feed and food. Approval to sell is not approval to manufacture locally.
China,regulation_incentives,ri_tax,ri_corporate_tax_rate,Statutory corporate tax rate (%),25.0,% statutory,2025,linear,lower is better,35.0,15.0,5.0,0.5,0.0225,reported,High,KPMG Corporate tax rates table (2025) / PwC Worldwide Tax Summaries,https://kpmg.com/dk/en/services/tax/corporate-tax/corporate-tax-rates-table.html,15% for qualifying High/New-Tech Enterprises.
China,regulation_incentives,ri_tax,ri_investment_incentives,Investment incentives (rubric),7.5,score (0-10 rubric),2026,qualitative,rubric,,,7.5,0.5,0.0225,estimate,Medium,PwC Worldwide Tax Summaries - Corporate tax credits and incentives (country pages),https://taxsummaries.pwc.com/,"HNTE 15% rate, R&D super-deduction, local park incentives and land subsidies."
China,regulation_incentives,ri_trade,ri_trade_fdi_access,Trade agreements & FDI openness (rubric),7.5,score (0-10 rubric),2026,qualitative,rubric,,,7.5,1.0,0.045,estimate,Medium,Analyst assessment against the published rubric (see methodology_and_sources.md),,"RCEP, ASEAN-China FTA (Vietnam), China-Chile FTA; exports from China exposed to US/EU trade-defence measures."
China,strategic_risk,sr_competition,sr_local_competition_overcapacity,Local competition / overcapacity (rubric),0.0,score (0-10 rubric),2026,qualitative,rubric,,,0.0,1.0,0.1,estimate,Medium,"DHA algae oil market report (Runke 3,000 t/yr oil, expanding to 5,000 t/yr)",https://file.echemi.com/upload/eu/files/DHAAlgaeOilMarketReport.pdf,"Several domestic fermentation DHA producers (CABIO, Runke, Huison, Fuxing, others) with announced expansions (e.g., Runke 3,000->5,000 t/yr oil). Same build-out pattern as PLA, where effective utilisation stayed below 40%. Most volume targets human nutrition; aquafeed-grade biomass is a smaller but contestable segment."
China,strategic_risk,sr_country,sr_political_trade_policy_risk,Political / trade-policy risk (rubric),2.5,score (0-10 rubric),2026,qualitative,rubric,,,2.5,0.5,0.04000000000000001,estimate,Medium,Analyst assessment against the published rubric (see methodology_and_sources.md),,"US-China tariff escalation, export controls, data and technology-transfer rules; elevated commercial risk for a foreign-owned plant competing with national champions."
China,strategic_risk,sr_country,sr_sovereign_rating_notch,"S&P sovereign rating (notch, 1 = AAA)",5.0,S&P notch (1=AAA); A+,2026,linear,lower is better,16.0,4.0,9.167,0.5,0.04000000000000001,reported,Medium,"S&P Global Ratings long-term foreign-currency sovereign ratings, via TradingEconomics / countryeconomy aggregators",https://tradingeconomics.com/country-list/rating,
China,strategic_risk,sr_ip,sr_ip_protection,IP protection - USTR Special 301 status (rubric),2.5,score (0-10 rubric),2026,qualitative,rubric,,,2.5,1.0,0.020000000000000004,reported,High,USTR - 2026 Special 301 Report (released 30 Apr 2026),https://ustr.gov/about/policy-offices/press-office/press-releases/2026/april/ustr-releases-2026-special-301-report-intellectual-property-protection-and-enforcement,Priority Watch List (2026).
India,corbion_readiness,cr_assets,cr_existing_manufacturing,Existing Corbion manufacturing (rubric),2.5,score (0-10 rubric),2026,qualitative,rubric,,,2.5,1.0,0.075,estimate,Low,"Corbion - Acquisition of Novotech bread improver business, India (Aug 2024)",https://www.globenewswire.com/fr/news-release/2024/08/07/2925640/0/en/Corbion-acquires-bread-improver-business-from-Novotech-bolstering-Indian-market-strategy.html,Novotech bread-improver business acquired 2024 (Delhi); local manufacturing footprint not confirmed; no fermentation asset.
India,corbion_readiness,cr_commercial,cr_commercial_innovation_presence,Commercial / innovation presence (rubric),5.0,score (0-10 rubric),2026,qualitative,rubric,,,5.0,1.0,0.0375,estimate,Medium,"Corbion Annual Report 2024 - Group structure (Corbion Trading (Shanghai), Corbion India)",https://annualreport.corbion.com/annual-report-2024/other-information-1/group-structure,Corbion India legal entity and Mumbai sales office.
India,corbion_readiness,cr_talent,cr_fermentation_talent,Fermentation talent (rubric),5.0,score (0-10 rubric),2026,qualitative,rubric,,,5.0,1.0,0.0375,estimate,Medium,Analyst assessment against the published rubric (see methodology_and_sources.md),,Strong fermentation skills in pharma/enzymes; no Corbion fermentation team.
India,market_access,ma_aquafeed,ma_aquafeed_volume,Aquafeed volume (Mt),2.89,Mt feed,2025,log,higher is better,0.1,25.0,6.092,1.0,0.06999999999999999,estimate,Medium,Alltech Agri-Food Outlook 2026 (2025 feed survey),https://assets.ctfassets.net/yd4nuh0j3lyv/6PUPaUJ2d1mLRQDYiZgPXt/f533f66c13df1cce98c5acfb1d2bfd9c/Alltech_Agri-Food_Outlook_2026_-_English.pdf,"Alltech survey, +5.5%."
India,market_access,ma_customers,ma_biomar_customer_proximity,BioMar / customer proximity (rubric),5.0,score (0-10 rubric),2026,qualitative,rubric,,,5.0,1.0,0.03,estimate,Medium,"The Fish Site - Skretting opens EUR 18.5m feed facility in Surat, India",https://thefishsite.com/es/articles/skretting-opens-18-5-million-feed-facility-in-surat-india,No BioMar plant; Skretting (Surat) and Cargill (Vijayawada) aquafeed plants.
India,market_access,ma_logistics,ma_distance_priority_markets,"Mean distance to China, Vietnam, Chile (km, derived)",7767.0,km (mean great-circle),2026,linear,lower is better,15000.0,3000.0,6.028,0.5,0.020000000000000004,proxy,Medium,Derived: great-circle distance from main port to priority markets; export markets only (own market excluded),,"Shanghai: 4,122 km / Ho Chi Minh City: 2,645 km / Puerto Montt (salmon hub): 16,536 km"
India,market_access,ma_logistics,ma_lpi_score,World Bank LPI 2023 (1-5),3.4,LPI score (1-5),2023,linear,higher is better,2.5,4.0,6.0,0.5,0.020000000000000004,reported,Medium,"World Population Review - LPI 2023 country table (secondary, World Bank data)",https://worldpopulationreview.com/country-rankings/logistics-performance-index-by-country,
India,market_access,ma_species,ma_premium_species,Premium / DHA-intensive species (rubric),7.5,score (0-10 rubric),2024,qualitative,rubric,,,7.5,1.0,0.06,estimate,Medium,FAO - The State of World Fisheries and Aquaculture 2024,https://www.fao.org/3/cd0683en/online/sofia/2024/aquaculture-production.html,Large L. vannamei export shrimp sector (DHA-intensive); bulk of volume is carp.
India,production_economics,pe_energy,pe_electricity_price,Business electricity price (USD/kWh),0.124,USD/kWh,2023-2025,linear,lower is better,0.25,0.06,6.632,0.4,0.036,reported,Medium,"GlobalPetrolPrices.com - Electricity prices for businesses (1,000,000 kWh/yr), 2023-2025 average",https://www.globalpetrolprices.com/electricity_prices/,"2023-2025 average; Central Electricity Authority data imply ~USD 0.07/kWh, so this is source-sensitive."
India,production_economics,pe_energy,pe_renewable_share_electricity,Renewable share of electricity (%),19.8,% of generation,2024,linear,higher is better,10.0,90.0,1.225,0.3,0.027,reported,High,"Ember Global Electricity Review / Yearly Electricity Data, via Our World in Data energy dataset (renewables_share_elec)",https://github.com/owid/energy-data/blob/master/owid-energy-data.csv,
India,production_economics,pe_energy,pe_steam_biomass_cogeneration,Steam / biomass cogeneration (rubric),7.5,score (0-10 rubric),2025,qualitative,rubric,,,7.5,0.3,0.027,estimate,Medium,Analyst assessment against the published rubric (see methodology_and_sources.md),,"Bagasse cogeneration common at sugar mills (UP, Maharashtra, Karnataka); grid mostly coal."
India,production_economics,pe_labor,pe_construction_epc_capability,Construction / EPC capability (rubric),7.5,score (0-10 rubric),2025,qualitative,rubric,,,7.5,0.4,0.018,estimate,Low,Analyst assessment against the published rubric (see methodology_and_sources.md),,Large pharma/enzyme fermentation EPC base; low construction cost.
India,production_economics,pe_labor,pe_gdp_per_capita,"GDP per capita (USD, labour-cost proxy)",2469.0,USD (current),2023,linear,lower is better,18000.0,2000.0,9.707,0.6,0.027,proxy,High,"World Bank WDI NY.GDP.MKTP.CD / SP.POP.TOTL (GDP per capita derived), via datasets/gdp and datasets/population mirrors",https://github.com/datasets/gdp,Proxy for labour cost level.
India,production_economics,pe_sugar,pe_sugar_cost_position,Sugar cost position (rubric),5.0,score (0-10 rubric),2025,qualitative,rubric,,,5.0,0.5,0.0525,estimate,Medium,Czapp - Sugar cost of production across the world (2025),https://www.czapp.com/analyst-insights/sugar-cost-of-production-across-the-world/,"Large cane surplus, but administered minimum selling price, export quotas/bans (2023-24) and ethanol diversion create availability and price-policy risk."
India,production_economics,pe_sugar,pe_sugar_production,Domestic sugar production (Mt),30.0,Mt raw value,2025/26,log,higher is better,0.5,40.0,9.343,0.5,0.0525,reported,High,"USDA FAS - Sugar: World Markets and Trade (May 2026), 2025/26 centrifugal sugar, raw value",https://www.fas.usda.gov/data/sugar-world-markets-and-trade-05282026,2026/27 forecast 33.6 Mt (monsoon recovery).
India,production_economics,pe_water,pe_industrial_water_wastewater_infra,Industrial water & effluent infrastructure (rubric),5.0,score (0-10 rubric),2025,qualitative,rubric,,,5.0,0.5,0.03,estimate,Low,Analyst assessment against the published rubric (see methodology_and_sources.md),,Common effluent treatment plants in chemical estates; supply reliability varies.
India,production_economics,pe_water,pe_water_stress,"Water stress, SDG 6.4.2 (%)",66.5,% of renewable freshwater withdrawn,2018,linear,lower is better,80.0,5.0,1.8,0.5,0.03,reported,Medium,"FAO AQUASTAT SDG 6.4.2 (World Bank ER.H2O.FWST.ZS), via IndexMundi ranking",https://www.indexmundi.com/facts/indicators/ER.H2O.FWST.ZS/rankings,"2018 value; 'medium' stress band, many basins extremely high."
India,regulation_incentives,ri_approvals,ri_local_production_permitting,Ability to BUILD/OPERATE locally (rubric),5.0,score (0-10 rubric),2026,qualitative,rubric,,,5.0,0.4,0.024,estimate,Low,Analyst assessment against the published rubric (see methodology_and_sources.md),,Manufacturing 100% FDI under automatic route; state environmental clearances can be slow.
India,regulation_incentives,ri_approvals,ri_product_approvals,Approval to SELL AlgaPrime (rubric),2.5,score (0-10 rubric),2026,qualitative,rubric,,,2.5,0.6,0.036,estimate,Low,Analyst assessment against the published rubric (see methodology_and_sources.md),,No Indian feed/food registration for AlgaPrime or AlgaVia found.
India,regulation_incentives,ri_tax,ri_corporate_tax_rate,Statutory corporate tax rate (%),25.17,% statutory,2025,linear,lower is better,35.0,15.0,4.915,0.5,0.0225,reported,High,KPMG Corporate tax rates table (2025) / PwC Worldwide Tax Summaries,https://kpmg.com/dk/en/services/tax/corporate-tax/corporate-tax-rates-table.html,Section 115BAA regime incl. surcharge and cess.
India,regulation_incentives,ri_tax,ri_investment_incentives,Investment incentives (rubric),5.0,score (0-10 rubric),2026,qualitative,rubric,,,5.0,0.5,0.0225,estimate,Medium,PwC Worldwide Tax Summaries - Corporate tax credits and incentives (country pages),https://taxsummaries.pwc.com/,15% regime for new manufacturing (Sec. 115BAB) lapsed March 2024; state-level capital subsidies; no PLI for feed ingredients.
India,regulation_incentives,ri_trade,ri_trade_fdi_access,Trade agreements & FDI openness (rubric),5.0,score (0-10 rubric),2026,qualitative,rubric,,,5.0,1.0,0.045,estimate,Medium,Analyst assessment against the published rubric (see methodology_and_sources.md),,"ASEAN-India FTA (covers Vietnam), India-Chile PTA; not in RCEP; no FTA with China."
India,strategic_risk,sr_competition,sr_local_competition_overcapacity,Local competition / overcapacity (rubric),7.5,score (0-10 rubric),2026,qualitative,rubric,,,7.5,1.0,0.1,estimate,Low,"NutraIngredients / India Science & Technology portal - Indian algal DHA pilots (Avesthagen, CSIR-IIIM, IOCL)",https://www.indiascienceandtechnology.gov.in/node/166202,"No commercial algal-DHA plant found; pilots/technology by Avesthagen, CSIR-IIIM and Indian Oil."
India,strategic_risk,sr_country,sr_political_trade_policy_risk,Political / trade-policy risk (rubric),5.0,score (0-10 rubric),2026,qualitative,rubric,,,5.0,0.5,0.04000000000000001,estimate,Medium,Analyst assessment against the published rubric (see methodology_and_sources.md),,Stable democracy; frequent changes to agri-trade rules (export bans) and tariff policy.
India,strategic_risk,sr_country,sr_sovereign_rating_notch,"S&P sovereign rating (notch, 1 = AAA)",9.0,S&P notch (1=AAA); BBB,2026,linear,lower is better,16.0,4.0,5.833,0.5,0.04000000000000001,reported,Medium,"S&P Global Ratings long-term foreign-currency sovereign ratings, via TradingEconomics / countryeconomy aggregators",https://tradingeconomics.com/country-list/rating,Upgraded by S&P to BBB (2025).
India,strategic_risk,sr_ip,sr_ip_protection,IP protection - USTR Special 301 status (rubric),2.5,score (0-10 rubric),2026,qualitative,rubric,,,2.5,1.0,0.020000000000000004,reported,High,USTR - 2026 Special 301 Report (released 30 Apr 2026),https://ustr.gov/about/policy-offices/press-office/press-releases/2026/april/ustr-releases-2026-special-301-report-intellectual-property-protection-and-enforcement,Priority Watch List (2026).
Indonesia,corbion_readiness,cr_assets,cr_existing_manufacturing,Existing Corbion manufacturing (rubric),0.0,score (0-10 rubric),2026,qualitative,rubric,,,0.0,1.0,0.075,estimate,Medium,Food Business MEA - Azelis distributes Corbion ingredients (incl. Indonesia),https://www.foodbusinessmea.com/corbion-and-azelis-expand-partnership-onto-new-horizons/,No Corbion facility; ingredients distributed by Azelis.
Indonesia,corbion_readiness,cr_commercial,cr_commercial_innovation_presence,Commercial / innovation presence (rubric),2.5,score (0-10 rubric),2026,qualitative,rubric,,,2.5,1.0,0.0375,estimate,Medium,Food Business MEA - Azelis distributes Corbion ingredients (incl. Indonesia),https://www.foodbusinessmea.com/corbion-and-azelis-expand-partnership-onto-new-horizons/,Distributor coverage only (Azelis).
Indonesia,corbion_readiness,cr_talent,cr_fermentation_talent,Fermentation talent (rubric),2.5,score (0-10 rubric),2026,qualitative,rubric,,,2.5,1.0,0.0375,estimate,Low,Analyst assessment against the published rubric (see methodology_and_sources.md),,Limited industrial-biotech labour pool.
Indonesia,market_access,ma_aquafeed,ma_aquafeed_volume,Aquafeed volume (Mt),1.84,Mt feed,2025,log,higher is better,0.1,25.0,5.275,1.0,0.06999999999999999,reported,Medium,GPMT data via Aqua Culture Asia Pacific - Aquafeeds in 2025 (shrimp 0.40 Mt + fish 1.43 Mt),https://aquaasiapac.com/2026/06/30/aquafeeds-in-2025-disrupted-by-tariffs/,Replaces contradictory 2020 academic estimate (3.25 Mt). USDA FAS gives 1.6 Mt for 2025/26.
Indonesia,market_access,ma_customers,ma_biomar_customer_proximity,BioMar / customer proximity (rubric),5.0,score (0-10 rubric),2026,qualitative,rubric,,,5.0,1.0,0.03,estimate,Low,Analyst assessment against the published rubric (see methodology_and_sources.md),,"No BioMar plant; large integrated feed producers (CP, Japfa) and Cargill present."
Indonesia,market_access,ma_logistics,ma_distance_priority_markets,"Mean distance to China, Vietnam, Chile (km, derived)",7016.0,km (mean great-circle),2026,linear,lower is better,15000.0,3000.0,6.653,0.5,0.020000000000000004,proxy,Medium,Derived: great-circle distance from main port to priority markets; export markets only (own market excluded),,"Shanghai: 4,373 km / Ho Chi Minh City: 2,102 km / Puerto Montt (salmon hub): 14,572 km"
Indonesia,market_access,ma_logistics,ma_lpi_score,World Bank LPI 2023 (1-5),3.0,LPI score (1-5),2023,linear,higher is better,2.5,4.0,3.333,0.5,0.020000000000000004,reported,Medium,World Bank - Logistics Performance Index 2023 (Connecting to Compete),https://lpi.worldbank.org/sites/default/files/2023-04/LPI_2023_report.pdf,
Indonesia,market_access,ma_species,ma_premium_species,Premium / DHA-intensive species (rubric),5.0,score (0-10 rubric),2024,qualitative,rubric,,,5.0,1.0,0.06,estimate,Medium,FAO - The State of World Fisheries and Aquaculture 2024,https://www.fao.org/3/cd0683en/online/sofia/2024/aquaculture-production.html,"Shrimp exporter, but much of the volume is tilapia/milkfish and seaweed (seaweed excluded)."
Indonesia,production_economics,pe_energy,pe_electricity_price,Business electricity price (USD/kWh),0.07,USD/kWh,2023-2025,linear,lower is better,0.25,0.06,9.474,0.4,0.036,reported,Medium,"GlobalPetrolPrices.com - Electricity prices for businesses (1,000,000 kWh/yr), 2023-2025 average",https://www.globalpetrolprices.com/electricity_prices/,"2023-2025 average; PLN regulated tariff, coal-heavy grid."
Indonesia,production_economics,pe_energy,pe_renewable_share_electricity,Renewable share of electricity (%),18.1,% of generation,2024,linear,higher is better,10.0,90.0,1.013,0.3,0.027,reported,High,"Ember Global Electricity Review / Yearly Electricity Data, via Our World in Data energy dataset (renewables_share_elec)",https://github.com/owid/energy-data/blob/master/owid-energy-data.csv,
Indonesia,production_economics,pe_energy,pe_steam_biomass_cogeneration,Steam / biomass cogeneration (rubric),5.0,score (0-10 rubric),2025,qualitative,rubric,,,5.0,0.3,0.027,estimate,Low,Analyst assessment against the published rubric (see methodology_and_sources.md),,Coal/biomass boilers; some palm-residue biomass available.
Indonesia,production_economics,pe_labor,pe_construction_epc_capability,Construction / EPC capability (rubric),5.0,score (0-10 rubric),2025,qualitative,rubric,,,5.0,0.4,0.018,estimate,Low,Analyst assessment against the published rubric (see methodology_and_sources.md),,General industrial EPC; limited fermentation experience.
Indonesia,production_economics,pe_labor,pe_gdp_per_capita,"GDP per capita (USD, labour-cost proxy)",4876.0,USD (current),2023,linear,lower is better,18000.0,2000.0,8.202,0.6,0.027,proxy,High,"World Bank WDI NY.GDP.MKTP.CD / SP.POP.TOTL (GDP per capita derived), via datasets/gdp and datasets/population mirrors",https://github.com/datasets/gdp,Proxy for labour cost level.
Indonesia,production_economics,pe_sugar,pe_sugar_cost_position,Sugar cost position (rubric),2.5,score (0-10 rubric),2025,qualitative,rubric,,,2.5,0.5,0.0525,estimate,Medium,KRISNA - Why Indonesian sugar is expensive (trade-policy analysis),https://www.krisna.or.id/en/post/gula/,Import quotas and price ceilings keep domestic sugar well above world prices.
Indonesia,production_economics,pe_sugar,pe_sugar_production,Domestic sugar production (Mt),2.7,Mt raw value,2025/26,log,higher is better,0.5,40.0,3.848,0.5,0.0525,reported,Medium,"USDA FAS - Sugar: World Markets and Trade (May 2026), 2025/26 centrifugal sugar, raw value",https://www.fas.usda.gov/data/sugar-world-markets-and-trade-05282026,Raw-value centrifugal series (replaces plantation-white-sugar 2.6 Mt used in v1).
Indonesia,production_economics,pe_water,pe_industrial_water_wastewater_infra,Industrial water & effluent infrastructure (rubric),5.0,score (0-10 rubric),2025,qualitative,rubric,,,5.0,0.5,0.03,estimate,Low,Analyst assessment against the published rubric (see methodology_and_sources.md),,Industrial-estate WWTPs on Java; outer islands limited.
Indonesia,production_economics,pe_water,pe_water_stress,"Water stress, SDG 6.4.2 (%)",29.7,% of renewable freshwater withdrawn,2018,linear,lower is better,80.0,5.0,6.707,0.5,0.03,reported,Medium,"FAO AQUASTAT SDG 6.4.2 (World Bank ER.H2O.FWST.ZS), via IndexMundi ranking",https://www.indexmundi.com/facts/indicators/ER.H2O.FWST.ZS/rankings,2018 value.
Indonesia,regulation_incentives,ri_approvals,ri_local_production_permitting,Ability to BUILD/OPERATE locally (rubric),5.0,score (0-10 rubric),2026,qualitative,rubric,,,5.0,0.4,0.024,estimate,Low,Analyst assessment against the published rubric (see methodology_and_sources.md),,Manufacturing open under Positive Investment List; OSS licensing; frequent rule changes.
Indonesia,regulation_incentives,ri_approvals,ri_product_approvals,Approval to SELL AlgaPrime (rubric),2.5,score (0-10 rubric),2026,qualitative,rubric,,,2.5,0.6,0.036,estimate,Low,Analyst assessment against the published rubric (see methodology_and_sources.md),,No Indonesian registration for AlgaPrime found.
Indonesia,regulation_incentives,ri_tax,ri_corporate_tax_rate,Statutory corporate tax rate (%),22.0,% statutory,2025,linear,lower is better,35.0,15.0,6.5,0.5,0.0225,reported,High,KPMG Corporate tax rates table (2025) / PwC Worldwide Tax Summaries,https://kpmg.com/dk/en/services/tax/corporate-tax/corporate-tax-rates-table.html,
Indonesia,regulation_incentives,ri_tax,ri_investment_incentives,Investment incentives (rubric),7.5,score (0-10 rubric),2026,qualitative,rubric,,,7.5,0.5,0.0225,estimate,Medium,PwC Worldwide Tax Summaries - Corporate tax credits and incentives (country pages),https://taxsummaries.pwc.com/,Tax holiday of 5-20 years for pioneer industries; SEZ incentives.
Indonesia,regulation_incentives,ri_trade,ri_trade_fdi_access,Trade agreements & FDI openness (rubric),7.5,score (0-10 rubric),2026,qualitative,rubric,,,7.5,1.0,0.045,estimate,Medium,Analyst assessment against the published rubric (see methodology_and_sources.md),,"RCEP, ASEAN-China FTA, AFTA (Vietnam), Indonesia-Chile CEPA; open to FDI in manufacturing."
Indonesia,strategic_risk,sr_competition,sr_local_competition_overcapacity,Local competition / overcapacity (rubric),7.5,score (0-10 rubric),2026,qualitative,rubric,,,7.5,1.0,0.1,estimate,Low,Analyst assessment against the published rubric (see methodology_and_sources.md),,"No commercial local algal-DHA producer found (Thai: only BIOTEC/Kasetsart research strains), but market is exposed to Chinese algal DHA imports at zero tariff under ACFTA/RCEP - rubric level 7.5 (""no commercial producer but pilots or strong import competition"")."
Indonesia,strategic_risk,sr_country,sr_political_trade_policy_risk,Political / trade-policy risk (rubric),5.0,score (0-10 rubric),2026,qualitative,rubric,,,5.0,0.5,0.04000000000000001,estimate,Medium,Analyst assessment against the published rubric (see methodology_and_sources.md),,"Policy unpredictability (export bans, licensing changes); stable macro framework."
Indonesia,strategic_risk,sr_country,sr_sovereign_rating_notch,"S&P sovereign rating (notch, 1 = AAA)",9.0,S&P notch (1=AAA); BBB,2026,linear,lower is better,16.0,4.0,5.833,0.5,0.04000000000000001,reported,Medium,"S&P Global Ratings long-term foreign-currency sovereign ratings, via TradingEconomics / countryeconomy aggregators",https://tradingeconomics.com/country-list/rating,
Indonesia,strategic_risk,sr_ip,sr_ip_protection,IP protection - USTR Special 301 status (rubric),2.5,score (0-10 rubric),2026,qualitative,rubric,,,2.5,1.0,0.020000000000000004,reported,High,USTR - 2026 Special 301 Report (released 30 Apr 2026),https://ustr.gov/about/policy-offices/press-office/press-releases/2026/april/ustr-releases-2026-special-301-report-intellectual-property-protection-and-enforcement,Priority Watch List (2026).
Mexico,corbion_readiness,cr_assets,cr_existing_manufacturing,Existing Corbion manufacturing (rubric),5.0,score (0-10 rubric),2026,qualitative,rubric,,,5.0,1.0,0.075,estimate,High,"Corbion - Major facility upgrade in Queretaro, Mexico (Sep 2024)",https://www.globenewswire.com/de/news-release/2024/09/24/2952199/0/en/Corbion-steps-up-in-region-customer-support-with-major-facility-upgrade-in-Quer%C3%A9taro-Mexico.html,Queretaro ingredient production facility (doubled capacity 2024); not a fermentation plant.
Mexico,corbion_readiness,cr_commercial,cr_commercial_innovation_presence,Commercial / innovation presence (rubric),7.5,score (0-10 rubric),2026,qualitative,rubric,,,7.5,1.0,0.0375,estimate,High,"Corbion - Major facility upgrade in Queretaro, Mexico (Sep 2024)",https://www.globenewswire.com/de/news-release/2024/09/24/2952199/0/en/Corbion-steps-up-in-region-customer-support-with-major-facility-upgrade-in-Quer%C3%A9taro-Mexico.html,Queretaro site with bakery/meat innovation labs and regional customer support.
Mexico,corbion_readiness,cr_talent,cr_fermentation_talent,Fermentation talent (rubric),5.0,score (0-10 rubric),2026,qualitative,rubric,,,5.0,1.0,0.0375,estimate,Medium,Analyst assessment against the published rubric (see methodology_and_sources.md),,Corbion local production team; moderate fermentation ecosystem.
Mexico,market_access,ma_aquafeed,ma_aquafeed_volume,Aquafeed volume (Mt),0.4,Mt feed,2024,log,higher is better,0.1,25.0,2.511,1.0,0.06999999999999999,estimate,Medium,CONAFAB aquaculture group via Lider Empresarial (shrimp feed ~0.32 Mt + tilapia feed ~0.08 Mt),https://www.liderempresarial.com/conafab-destaca-el-crecimiento-del-6-en-la-acuacultura-mexicana/,Replaces 2014 WATTAgNet figure (0.178 Mt).
Mexico,market_access,ma_customers,ma_biomar_customer_proximity,BioMar / customer proximity (rubric),5.0,score (0-10 rubric),2026,qualitative,rubric,,,5.0,1.0,0.03,estimate,Medium,"SeafoodSource - Consolidation in global shrimp-feed industry (BioMar Costa Rica serves Mexico; Cargill, Skretting)",https://www.seafoodsource.com/news/premium/supply-trade/consolidation-creating-big-players-in-the-global-shrimp-feed-industry,BioMar serves Mexico from Costa Rica; Cargill aquafeed plants in Mexico.
Mexico,market_access,ma_logistics,ma_distance_priority_markets,"Mean distance to China, Vietnam, Chile (km, derived)",11772.0,km (mean great-circle),2026,linear,lower is better,15000.0,3000.0,2.69,0.5,0.020000000000000004,proxy,Medium,Derived: great-circle distance from main port to priority markets; export markets only (own market excluded),,"Shanghai: 12,590 km / Ho Chi Minh City: 15,260 km / Puerto Montt (salmon hub): 7,465 km"
Mexico,market_access,ma_logistics,ma_lpi_score,World Bank LPI 2023 (1-5),2.9,LPI score (1-5),2023,linear,higher is better,2.5,4.0,2.667,0.5,0.020000000000000004,reported,Medium,"World Bank - Logistics Performance Index 2023 (Connecting to Compete), table row: rank 66, score 2.9",https://documents1.worldbank.org/curated/en/099042123145531599/pdf/P17146804a6a570ac0a4f80895e320dda1e.pdf,"Verified in the World Bank 2023 table (rank 66, overall 2.9; 3.0 is a sub-dimension). Trading Economics also reports 2.9."
Mexico,market_access,ma_species,ma_premium_species,Premium / DHA-intensive species (rubric),5.0,score (0-10 rubric),2024,qualitative,rubric,,,5.0,1.0,0.06,estimate,Medium,"SeafoodSource - Consolidation in global shrimp-feed industry (BioMar Costa Rica serves Mexico; Cargill, Skretting)",https://www.seafoodsource.com/news/premium/supply-trade/consolidation-creating-big-players-in-the-global-shrimp-feed-industry,Shrimp (Sinaloa/Sonora) and tilapia; modest volumes.
Mexico,production_economics,pe_energy,pe_electricity_price,Business electricity price (USD/kWh),0.212,USD/kWh,2023-2025,linear,lower is better,0.25,0.06,2.0,0.4,0.036,reported,Medium,"GlobalPetrolPrices.com - Electricity prices for businesses (1,000,000 kWh/yr), 2023-2025 average",https://www.globalpetrolprices.com/electricity_prices/,2023-2025 average; Dec 2025 snapshot ~USD 0.24/kWh.
Mexico,production_economics,pe_energy,pe_renewable_share_electricity,Renewable share of electricity (%),21.1,% of generation,2024,linear,higher is better,10.0,90.0,1.388,0.3,0.027,reported,High,"Ember Global Electricity Review / Yearly Electricity Data, via Our World in Data energy dataset (renewables_share_elec)",https://github.com/owid/energy-data/blob/master/owid-energy-data.csv,
Mexico,production_economics,pe_energy,pe_steam_biomass_cogeneration,Steam / biomass cogeneration (rubric),5.0,score (0-10 rubric),2025,qualitative,rubric,,,5.0,0.3,0.027,estimate,Low,Analyst assessment against the published rubric (see methodology_and_sources.md),,Some bagasse cogeneration at ingenios; industrial steam mostly natural gas.
Mexico,production_economics,pe_labor,pe_construction_epc_capability,Construction / EPC capability (rubric),5.0,score (0-10 rubric),2025,qualitative,rubric,,,5.0,0.4,0.018,estimate,Low,Analyst assessment against the published rubric (see methodology_and_sources.md),,General industrial EPC; limited aerobic-fermentation experience.
Mexico,production_economics,pe_labor,pe_gdp_per_capita,"GDP per capita (USD, labour-cost proxy)",13788.0,USD (current),2023,linear,lower is better,18000.0,2000.0,2.632,0.6,0.027,proxy,High,"World Bank WDI NY.GDP.MKTP.CD / SP.POP.TOTL (GDP per capita derived), via datasets/gdp and datasets/population mirrors",https://github.com/datasets/gdp,Proxy for labour cost level.
Mexico,production_economics,pe_sugar,pe_sugar_cost_position,Sugar cost position (rubric),5.0,score (0-10 rubric),2025,qualitative,rubric,,,5.0,0.5,0.0525,estimate,Medium,"USDA FAS - Sugar: World Markets and Trade (May 2025), 2025/26 forecast",https://www.fas.usda.gov/sites/default/files/2025-05/sugar.pdf,"Net exporter, but domestic price is linked to the protected US market (suspension agreements), above world parity."
Mexico,production_economics,pe_sugar,pe_sugar_production,Domestic sugar production (Mt),5.49,Mt raw value,2025/26,log,higher is better,0.5,40.0,5.468,0.5,0.0525,reported,Medium,"USDA FAS - Sugar: World Markets and Trade (May 2026), 2025/26 centrifugal sugar, raw value",https://www.fas.usda.gov/data/sugar-world-markets-and-trade-05282026,Read from circular table (column alignment not fully verified); ERS reports 5.236 Mt actual weight for 2025/26.
Mexico,production_economics,pe_water,pe_industrial_water_wastewater_infra,Industrial water & effluent infrastructure (rubric),5.0,score (0-10 rubric),2025,qualitative,rubric,,,5.0,0.5,0.03,estimate,Low,Analyst assessment against the published rubric (see methodology_and_sources.md),,Industrial parks with WWTPs; water-concession constraints in central Mexico.
Mexico,production_economics,pe_water,pe_water_stress,"Water stress, SDG 6.4.2 (%)",44.5,% of renewable freshwater withdrawn,2018,linear,lower is better,80.0,5.0,4.733,0.5,0.03,reported,Medium,"FAO AQUASTAT SDG 6.4.2 (World Bank ER.H2O.FWST.ZS), via IndexMundi ranking",https://www.indexmundi.com/facts/indicators/ER.H2O.FWST.ZS/rankings,2018 value; Bajio (Queretaro) basins are highly stressed.
Mexico,regulation_incentives,ri_approvals,ri_local_production_permitting,Ability to BUILD/OPERATE locally (rubric),7.5,score (0-10 rubric),2026,qualitative,rubric,,,7.5,0.4,0.024,estimate,Medium,"Corbion - Major facility upgrade in Queretaro, Mexico (Sep 2024)",https://www.globenewswire.com/de/news-release/2024/09/24/2952199/0/en/Corbion-steps-up-in-region-customer-support-with-major-facility-upgrade-in-Quer%C3%A9taro-Mexico.html,Existing licensed Corbion facility; open FDI in manufacturing.
Mexico,regulation_incentives,ri_approvals,ri_product_approvals,Approval to SELL AlgaPrime (rubric),5.0,score (0-10 rubric),2026,qualitative,rubric,,,5.0,0.6,0.036,estimate,Low,Analyst assessment against the published rubric (see methodology_and_sources.md),,No public SENASICA registration for AlgaPrime found; Corbion already sells food ingredients.
Mexico,regulation_incentives,ri_tax,ri_corporate_tax_rate,Statutory corporate tax rate (%),30.0,% statutory,2025,linear,lower is better,35.0,15.0,2.5,0.5,0.0225,reported,High,KPMG Corporate tax rates table (2025) / PwC Worldwide Tax Summaries,https://kpmg.com/dk/en/services/tax/corporate-tax/corporate-tax-rates-table.html,
Mexico,regulation_incentives,ri_tax,ri_investment_incentives,Investment incentives (rubric),5.0,score (0-10 rubric),2026,qualitative,rubric,,,5.0,0.5,0.0225,estimate,Medium,PwC Worldwide Tax Summaries - Corporate tax credits and incentives (country pages),https://taxsummaries.pwc.com/,Plan Mexico (2025) accelerated depreciation and training deductions; no long tax holiday.
Mexico,regulation_incentives,ri_trade,ri_trade_fdi_access,Trade agreements & FDI openness (rubric),5.0,score (0-10 rubric),2026,qualitative,rubric,,,5.0,1.0,0.045,estimate,Medium,Analyst assessment against the published rubric (see methodology_and_sources.md),,"USMCA, CPTPP (Vietnam, Chile), Mexico-Chile FTA; no FTA with China; 2025 tariff increases on non-FTA Asian imports."
Mexico,strategic_risk,sr_competition,sr_local_competition_overcapacity,Local competition / overcapacity (rubric),10.0,score (0-10 rubric),2026,qualitative,rubric,,,10.0,1.0,0.1,estimate,Low,Analyst assessment against the published rubric (see methodology_and_sources.md),,No algal-DHA fermentation producer identified.
Mexico,strategic_risk,sr_country,sr_political_trade_policy_risk,Political / trade-policy risk (rubric),5.0,score (0-10 rubric),2026,qualitative,rubric,,,5.0,0.5,0.04000000000000001,estimate,Medium,Analyst assessment against the published rubric (see methodology_and_sources.md),,"USMCA 2026 review, judicial reform and security concerns; nearshoring tailwinds."
Mexico,strategic_risk,sr_country,sr_sovereign_rating_notch,"S&P sovereign rating (notch, 1 = AAA)",9.0,S&P notch (1=AAA); BBB,2026,linear,lower is better,16.0,4.0,5.833,0.5,0.04000000000000001,reported,Medium,"S&P Global Ratings long-term foreign-currency sovereign ratings, via TradingEconomics / countryeconomy aggregators",https://tradingeconomics.com/country-list/rating,
Mexico,strategic_risk,sr_ip,sr_ip_protection,IP protection - USTR Special 301 status (rubric),5.0,score (0-10 rubric),2026,qualitative,rubric,,,5.0,1.0,0.020000000000000004,reported,High,USTR - 2026 Special 301 Report (released 30 Apr 2026),https://ustr.gov/about/policy-offices/press-office/press-releases/2026/april/ustr-releases-2026-special-301-report-intellectual-property-protection-and-enforcement,Watch List (2026; moved down from Priority Watch List).
Thailand,corbion_readiness,cr_assets,cr_existing_manufacturing,Existing Corbion manufacturing (rubric),7.5,score (0-10 rubric),2026,qualitative,rubric,,,7.5,1.0,0.075,estimate,High,"Corbion - Completion of new circular lactic acid plant in Rayong, Thailand",https://www.foodtechbiz.com/business-updates/corbion-announces-completion-of-its-new-circular-lactic-acid-plant-in-thailand,"Corbion's main production base: Rayong lactic acid fermentation complex (new circular plant 2024) and TotalEnergies Corbion PLA JV. Fermentation, but not algae."
Thailand,corbion_readiness,cr_commercial,cr_commercial_innovation_presence,Commercial / innovation presence (rubric),7.5,score (0-10 rubric),2026,qualitative,rubric,,,7.5,1.0,0.0375,estimate,Medium,"Corbion - Our global presence (manufacturing in USA, Thailand, Brazil, Netherlands, Spain, Mexico)",https://www.corbion.com/about-us/our-company/our-global-presence,Offices in Bangkok and Rayong serving APAC; application support but no algae innovation centre.
Thailand,corbion_readiness,cr_talent,cr_fermentation_talent,Fermentation talent (rubric),7.5,score (0-10 rubric),2026,qualitative,rubric,,,7.5,1.0,0.0375,estimate,Medium,Corbion Q4/FY2024 press release (Thailand main production base),https://www.corbion.com/-/media/corbion/files/quarterly/2024/2025-02-27_corbion_press-release-4q-fy-2024.pdf,Large Corbion fermentation/downstream workforce in Rayong; national bio-industry talent pool.
Thailand,market_access,ma_aquafeed,ma_aquafeed_volume,Aquafeed volume (Mt),1.05,Mt feed,2025,log,higher is better,0.1,25.0,4.259,1.0,0.06999999999999999,estimate,Medium,Thai Feed Mills Association projection via Aqua Culture Asia Pacific (shrimp 0.50 Mt + fish 0.55 Mt),https://aquaasiapac.com/2026/06/30/aquafeeds-in-2025-disrupted-by-tariffs/,Replaces IMARC 0.41 Mt (understated). Thai Union Feedmill puts shrimp feed at ~0.4 Mt.
Thailand,market_access,ma_customers,ma_biomar_customer_proximity,BioMar / customer proximity (rubric),7.5,score (0-10 rubric),2026,qualitative,rubric,,,7.5,1.0,0.03,estimate,Medium,Thai Union / Corbion - Expanded adoption of AlgaPrime DHA in shrimp feed (Oct 2020),https://www.globenewswire.com/news-release/2020/10/13/2107266/0/en/Thai-Union-and-Corbion-Expand-Adoption-of-AlgaPrime-DHA-into-Shrimp-Aquaculture.html,No BioMar plant; Thai Union (TFM) adopted AlgaPrime DHA in shrimp feed after 2019 trial - documented local customer base.
Thailand,market_access,ma_logistics,ma_distance_priority_markets,"Mean distance to China, Vietnam, Chile (km, derived)",6804.0,km (mean great-circle),2026,linear,lower is better,15000.0,3000.0,6.83,0.5,0.020000000000000004,proxy,Medium,Derived: great-circle distance from main port to priority markets; export markets only (own market excluded),,"Shanghai: 2,916 km / Ho Chi Minh City: 693 km / Puerto Montt (salmon hub): 16,802 km"
Thailand,market_access,ma_logistics,ma_lpi_score,World Bank LPI 2023 (1-5),3.5,LPI score (1-5),2023,linear,higher is better,2.5,4.0,6.667,0.5,0.020000000000000004,reported,Medium,"World Population Review - LPI 2023 country table (secondary, World Bank data)",https://worldpopulationreview.com/country-rankings/logistics-performance-index-by-country,
Thailand,market_access,ma_species,ma_premium_species,Premium / DHA-intensive species (rubric),7.5,score (0-10 rubric),2024,qualitative,rubric,,,7.5,1.0,0.06,estimate,Medium,"Thai Union Feedmill / Thailand aquafeed status (shrimp output ~270 kt, 2024)",https://www.aquafeed.co.uk/?p=17725,Export-oriented L. vannamei shrimp (~270 kt 2024) and seabass; shrimp feeds are DHA-intensive.
Thailand,production_economics,pe_energy,pe_electricity_price,Business electricity price (USD/kWh),0.128,USD/kWh,2023-2025,linear,lower is better,0.25,0.06,6.421,0.4,0.036,reported,Medium,"GlobalPetrolPrices.com - Electricity prices for businesses (1,000,000 kWh/yr), 2023-2025 average",https://www.globalpetrolprices.com/electricity_prices/,2023-2025 average; Dec 2025 snapshot USD 0.122/kWh.
Thailand,production_economics,pe_energy,pe_renewable_share_electricity,Renewable share of electricity (%),14.8,% of generation,2024,linear,higher is better,10.0,90.0,0.6,0.3,0.027,reported,High,"Ember Global Electricity Review / Yearly Electricity Data, via Our World in Data energy dataset (renewables_share_elec)",https://github.com/owid/energy-data/blob/master/owid-energy-data.csv,
Thailand,production_economics,pe_energy,pe_steam_biomass_cogeneration,Steam / biomass cogeneration (rubric),7.5,score (0-10 rubric),2025,qualitative,rubric,,,7.5,0.3,0.027,estimate,Medium,Analyst assessment against the published rubric (see methodology_and_sources.md),,Bagasse cogeneration widespread at sugar mills (SPP/VSPP); Eastern Seaboard estates offer central steam and gas-fired utilities.
Thailand,production_economics,pe_labor,pe_construction_epc_capability,Construction / EPC capability (rubric),7.5,score (0-10 rubric),2025,qualitative,rubric,,,7.5,0.4,0.018,estimate,Low,Analyst assessment against the published rubric (see methodology_and_sources.md),,"Established bio-based process industry (lactic acid, PLA, sugar biorefineries) and EPC contractors; moderate construction cost."
Thailand,production_economics,pe_labor,pe_gdp_per_capita,"GDP per capita (USD, labour-cost proxy)",7182.0,USD (current),2023,linear,lower is better,18000.0,2000.0,6.761,0.6,0.027,proxy,High,"World Bank WDI NY.GDP.MKTP.CD / SP.POP.TOTL (GDP per capita derived), via datasets/gdp and datasets/population mirrors",https://github.com/datasets/gdp,Proxy for labour cost level.
Thailand,production_economics,pe_sugar,pe_sugar_cost_position,Sugar cost position (rubric),7.5,score (0-10 rubric),2025,qualitative,rubric,,,7.5,0.5,0.0525,estimate,Medium,Czapp - Sugar cost of production across the world (2025),https://www.czapp.com/analyst-insights/sugar-cost-of-production-across-the-world/,Major cane exporter with domestic price close to world parity; cane/sugar regulated under the Cane and Sugar Act; drought-driven output swings.
Thailand,production_economics,pe_sugar,pe_sugar_production,Domestic sugar production (Mt),11.3,Mt raw value,2025/26,log,higher is better,0.5,40.0,7.115,0.5,0.0525,reported,Medium,"USDA FAS - Sugar: World Markets and Trade (May 2026), 2025/26 centrifugal sugar, raw value",https://www.fas.usda.gov/data/sugar-world-markets-and-trade-05282026,"Derived from the circular text: 2026/27 forecast 9.5 Mt is ""down 1.8 Mt"" (cane area cut after farm-gate price set below cost). Flag: -16% expected in 2026/27."
Thailand,production_economics,pe_water,pe_industrial_water_wastewater_infra,Industrial water & effluent infrastructure (rubric),7.5,score (0-10 rubric),2025,qualitative,rubric,,,7.5,0.5,0.03,estimate,Medium,Analyst assessment against the published rubric (see methodology_and_sources.md),,IEAT/EEC industrial estates provide central water supply and wastewater treatment.
Thailand,production_economics,pe_water,pe_water_stress,"Water stress, SDG 6.4.2 (%)",23.0,% of renewable freshwater withdrawn,2018,linear,lower is better,80.0,5.0,7.6,0.5,0.03,reported,Medium,"FAO AQUASTAT SDG 6.4.2 (World Bank ER.H2O.FWST.ZS), via IndexMundi ranking",https://www.indexmundi.com/facts/indicators/ER.H2O.FWST.ZS/rankings,2018 value; Eastern Seaboard experienced drought-related rationing in 2020.
Thailand,regulation_incentives,ri_approvals,ri_local_production_permitting,Ability to BUILD/OPERATE locally (rubric),7.5,score (0-10 rubric),2026,qualitative,rubric,,,7.5,0.4,0.024,estimate,Medium,"Corbion - Completion of new circular lactic acid plant in Rayong, Thailand",https://www.foodtechbiz.com/business-updates/corbion-announces-completion-of-its-new-circular-lactic-acid-plant-in-thailand,Corbion already operates licensed fermentation plants under BOI promotion; a feed-ingredient line still needs DLD feed-manufacturing licence and EIA screening.
Thailand,regulation_incentives,ri_approvals,ri_product_approvals,Approval to SELL AlgaPrime (rubric),5.0,score (0-10 rubric),2026,qualitative,rubric,,,5.0,0.6,0.036,estimate,Low,Thai Union / Corbion - Expanded adoption of AlgaPrime DHA in shrimp feed (Oct 2020),https://www.globenewswire.com/news-release/2020/10/13/2107266/0/en/Thai-Union-and-Corbion-Expand-Adoption-of-AlgaPrime-DHA-into-Shrimp-Aquaculture.html,"AlgaPrime in commercial use in Thai shrimp feed since 2020, implying legal use; no public registration record retrieved. Same fact also used in Market Access for customer proximity (different dimension: legal ability vs customer base)."
Thailand,regulation_incentives,ri_tax,ri_corporate_tax_rate,Statutory corporate tax rate (%),20.0,% statutory,2025,linear,lower is better,35.0,15.0,7.5,0.5,0.0225,reported,High,KPMG Corporate tax rates table (2025) / PwC Worldwide Tax Summaries,https://kpmg.com/dk/en/services/tax/corporate-tax/corporate-tax-rates-table.html,
Thailand,regulation_incentives,ri_tax,ri_investment_incentives,Investment incentives (rubric),10.0,score (0-10 rubric),2026,qualitative,rubric,,,10.0,0.5,0.0225,estimate,Medium,PwC Worldwide Tax Summaries - Thailand tax incentives; Thailand BOI,https://taxsummaries.pwc.com/Thailand/Corporate/Tax-credits-and-incentives,"BOI biotech / bio-based activities: 8-13 year CIT exemption (tier dependent), import duty exemption on machinery, 100% foreign ownership."
Thailand,regulation_incentives,ri_trade,ri_trade_fdi_access,Trade agreements & FDI openness (rubric),7.5,score (0-10 rubric),2026,qualitative,rubric,,,7.5,1.0,0.045,estimate,Medium,Analyst assessment against the published rubric (see methodology_and_sources.md),,"RCEP, ASEAN-China FTA, AFTA (Vietnam), Thailand-Chile FTA; Foreign Business Act constraints waived for BOI-promoted projects."
Thailand,strategic_risk,sr_competition,sr_local_competition_overcapacity,Local competition / overcapacity (rubric),7.5,score (0-10 rubric),2026,qualitative,rubric,,,7.5,1.0,0.1,estimate,Low,Analyst assessment against the published rubric (see methodology_and_sources.md),,"No commercial local algal-DHA producer found (Thai: only BIOTEC/Kasetsart research strains), but market is exposed to Chinese algal DHA imports at zero tariff under ACFTA/RCEP - rubric level 7.5 (""no commercial producer but pilots or strong import competition"")."
Thailand,strategic_risk,sr_country,sr_political_trade_policy_risk,Political / trade-policy risk (rubric),5.0,score (0-10 rubric),2026,qualitative,rubric,,,5.0,0.5,0.04000000000000001,estimate,Medium,Analyst assessment against the published rubric (see methodology_and_sources.md),,Frequent changes of government 2023-2025 and court interventions; investment policy (BOI/EEC) continuity has held.
Thailand,strategic_risk,sr_country,sr_sovereign_rating_notch,"S&P sovereign rating (notch, 1 = AAA)",8.0,S&P notch (1=AAA); BBB+,2026,linear,lower is better,16.0,4.0,6.667,0.5,0.04000000000000001,reported,Medium,"S&P Global Ratings long-term foreign-currency sovereign ratings, via TradingEconomics / countryeconomy aggregators",https://tradingeconomics.com/country-list/rating,
Thailand,strategic_risk,sr_ip,sr_ip_protection,IP protection - USTR Special 301 status (rubric),5.0,score (0-10 rubric),2026,qualitative,rubric,,,5.0,1.0,0.020000000000000004,reported,High,USTR - 2026 Special 301 Report (released 30 Apr 2026),https://ustr.gov/about/policy-offices/press-office/press-releases/2026/april/ustr-releases-2026-special-301-report-intellectual-property-protection-and-enforcement,Watch List (2026; on Watch List since 2017).
Vietnam,corbion_readiness,cr_assets,cr_existing_manufacturing,Existing Corbion manufacturing (rubric),0.0,score (0-10 rubric),2026,qualitative,rubric,,,0.0,1.0,0.075,estimate,Medium,"Corbion - Our global presence (manufacturing in USA, Thailand, Brazil, Netherlands, Spain, Mexico)",https://www.corbion.com/about-us/our-company/our-global-presence,No Corbion facility found.
Vietnam,corbion_readiness,cr_commercial,cr_commercial_innovation_presence,Commercial / innovation presence (rubric),2.5,score (0-10 rubric),2026,qualitative,rubric,,,2.5,1.0,0.0375,estimate,Low,"Corbion - Our global presence (manufacturing in USA, Thailand, Brazil, Netherlands, Spain, Mexico)",https://www.corbion.com/about-us/our-company/our-global-presence,No office identified; likely served via agents/distributors.
Vietnam,corbion_readiness,cr_talent,cr_fermentation_talent,Fermentation talent (rubric),2.5,score (0-10 rubric),2026,qualitative,rubric,,,2.5,1.0,0.0375,estimate,Low,Analyst assessment against the published rubric (see methodology_and_sources.md),,Small industrial-biotech labour pool.
Vietnam,market_access,ma_aquafeed,ma_aquafeed_volume,Aquafeed volume (Mt),6.5,Mt feed,2025,log,higher is better,0.1,25.0,7.56,1.0,0.06999999999999999,estimate,Medium,"USDA FAS GAIN - Vietnam Grain and Feed Annual (VM2026-0012), aquaculture feed CY2025",https://www.fas.usda.gov/data/gain-report/2026/04/Grain%20and%20Feed%20Annual_Ho%20Chi%20Minh%20City_Vietnam_VM2026-0012.pdf,"USDA attache estimate; industry split: pangasius 2.0-2.5 Mt, shrimp ~0.9 Mt, tilapia 0.4-0.5 Mt."
Vietnam,market_access,ma_customers,ma_biomar_customer_proximity,BioMar / customer proximity (rubric),10.0,score (0-10 rubric),2026,qualitative,rubric,,,10.0,1.0,0.03,estimate,High,BioMar - Strategic partnership with Viet-Uc (Vietnam),https://www.biomar.com/insights/insights-hub/biomar-and-viet-uc-enter-a-strategic-partnership-to-develop-the-aquafeed-business-in-vietnam,BioMar-Viet-Uc shrimp-feed JV in Vietnam.
Vietnam,market_access,ma_logistics,ma_distance_priority_markets,"Mean distance to China, Vietnam, Chile (km, derived)",9666.0,km (mean great-circle),2026,linear,lower is better,15000.0,3000.0,4.445,0.5,0.020000000000000004,proxy,Medium,Derived: great-circle distance from main port to priority markets; export markets only (own market excluded),,"Shanghai: 2,732 km / Puerto Montt (salmon hub): 16,600 km"
Vietnam,market_access,ma_logistics,ma_lpi_score,World Bank LPI 2023 (1-5),3.3,LPI score (1-5),2023,linear,higher is better,2.5,4.0,5.333,0.5,0.020000000000000004,reported,High,World Bank - Logistics Performance Index 2023 (Connecting to Compete),https://lpi.worldbank.org/sites/default/files/2023-04/LPI_2023_report.pdf,
Vietnam,market_access,ma_species,ma_premium_species,Premium / DHA-intensive species (rubric),7.5,score (0-10 rubric),2024,qualitative,rubric,,,7.5,1.0,0.06,estimate,Medium,FAO - The State of World Fisheries and Aquaculture 2024,https://www.fao.org/3/cd0683en/online/sofia/2024/aquaculture-production.html,"Export shrimp and pangasius; shrimp feeds DHA-intensive, pangasius less so."
Vietnam,production_economics,pe_energy,pe_electricity_price,Business electricity price (USD/kWh),0.078,USD/kWh,2023-2025,linear,lower is better,0.25,0.06,9.053,0.4,0.036,reported,Medium,"GlobalPetrolPrices.com - Electricity prices for businesses (1,000,000 kWh/yr), 2023-2025 average",https://www.globalpetrolprices.com/electricity_prices/,"2023-2025 average; regulated EVN tariffs, increases in 2024-2025."
Vietnam,production_economics,pe_energy,pe_renewable_share_electricity,Renewable share of electricity (%),42.3,% of generation,2024,linear,higher is better,10.0,90.0,4.037,0.3,0.027,reported,High,"Ember Global Electricity Review / Yearly Electricity Data, via Our World in Data energy dataset (renewables_share_elec)",https://github.com/owid/energy-data/blob/master/owid-energy-data.csv,Hydro-heavy; dry-year variability.
Vietnam,production_economics,pe_energy,pe_steam_biomass_cogeneration,Steam / biomass cogeneration (rubric),5.0,score (0-10 rubric),2025,qualitative,rubric,,,5.0,0.3,0.027,estimate,Low,Analyst assessment against the published rubric (see methodology_and_sources.md),,Some bagasse cogeneration; industrial parks rely on coal/biomass boilers.
Vietnam,production_economics,pe_labor,pe_construction_epc_capability,Construction / EPC capability (rubric),5.0,score (0-10 rubric),2025,qualitative,rubric,,,5.0,0.4,0.018,estimate,Low,Analyst assessment against the published rubric (see methodology_and_sources.md),,General industrial EPC capacity; limited large aerobic-fermentation experience.
Vietnam,production_economics,pe_labor,pe_gdp_per_capita,"GDP per capita (USD, labour-cost proxy)",4282.0,USD (current),2023,linear,lower is better,18000.0,2000.0,8.574,0.6,0.027,proxy,High,"World Bank WDI NY.GDP.MKTP.CD / SP.POP.TOTL (GDP per capita derived), via datasets/gdp and datasets/population mirrors",https://github.com/datasets/gdp,Proxy for labour cost level.
Vietnam,production_economics,pe_sugar,pe_sugar_cost_position,Sugar cost position (rubric),2.5,score (0-10 rubric),2025,qualitative,rubric,,,2.5,0.5,0.0525,estimate,Low,VietnamPlus / VSSA regional sugar price comparison (2025),https://en.vietnamplus.vn/vietnams-sugar-prices-move-against-global-trends-post311895.vnp,"Protected market: anti-dumping/anti-subsidy duties on Thai sugar; domestic price ~VND 16,500/kg (~USD 625/t) above world white sugar; smuggling distorts market."
Vietnam,production_economics,pe_sugar,pe_sugar_production,Domestic sugar production (Mt),1.35,Mt raw value,2025/26,log,higher is better,0.5,40.0,2.267,0.5,0.0525,reported,Medium,"USDA FAS - Sugar: World Markets and Trade (May 2026), 2025/26 centrifugal sugar, raw value",https://www.fas.usda.gov/data/sugar-world-markets-and-trade-05282026,Replaces VSSA secondary figure (1.298 Mt).
Vietnam,production_economics,pe_water,pe_industrial_water_wastewater_infra,Industrial water & effluent infrastructure (rubric),5.0,score (0-10 rubric),2025,qualitative,rubric,,,5.0,0.5,0.03,estimate,Low,Analyst assessment against the published rubric (see methodology_and_sources.md),,Industrial-park WWTPs mandatory but uneven performance.
Vietnam,production_economics,pe_water,pe_water_stress,"Water stress, SDG 6.4.2 (%)",18.1,% of renewable freshwater withdrawn,2018,linear,lower is better,80.0,5.0,8.253,0.5,0.03,reported,Medium,"FAO AQUASTAT SDG 6.4.2 (World Bank ER.H2O.FWST.ZS), via IndexMundi ranking",https://www.indexmundi.com/facts/indicators/ER.H2O.FWST.ZS/rankings,2018 value; Mekong Delta salinity intrusion is a local risk.
Vietnam,regulation_incentives,ri_approvals,ri_local_production_permitting,Ability to BUILD/OPERATE locally (rubric),5.0,score (0-10 rubric),2026,qualitative,rubric,,,5.0,0.4,0.024,estimate,Low,Analyst assessment against the published rubric (see methodology_and_sources.md),,Manufacturing open to FDI; feed-ingredient licensing under MARD/Department of Livestock Production.
Vietnam,regulation_incentives,ri_approvals,ri_product_approvals,Approval to SELL AlgaPrime (rubric),2.5,score (0-10 rubric),2026,qualitative,rubric,,,2.5,0.6,0.036,estimate,Low,Analyst assessment against the published rubric (see methodology_and_sources.md),,No public Vietnamese feed-ingredient registration for AlgaPrime found.
Vietnam,regulation_incentives,ri_tax,ri_corporate_tax_rate,Statutory corporate tax rate (%),20.0,% statutory,2025,linear,lower is better,35.0,15.0,7.5,0.5,0.0225,reported,High,KPMG Corporate tax rates table (2025) / PwC Worldwide Tax Summaries,https://kpmg.com/dk/en/services/tax/corporate-tax/corporate-tax-rates-table.html,
Vietnam,regulation_incentives,ri_tax,ri_investment_incentives,Investment incentives (rubric),7.5,score (0-10 rubric),2026,qualitative,rubric,,,7.5,0.5,0.0225,estimate,Medium,PwC Worldwide Tax Summaries - Corporate tax credits and incentives (country pages),https://taxsummaries.pwc.com/,High-tech/biotech projects: 10% CIT for 15 years with 4-year exemption and 9-year 50% reduction; partly neutralised by 2024 global minimum tax top-up for large groups.
Vietnam,regulation_incentives,ri_trade,ri_trade_fdi_access,Trade agreements & FDI openness (rubric),10.0,score (0-10 rubric),2026,qualitative,rubric,,,10.0,1.0,0.045,estimate,Medium,Analyst assessment against the published rubric (see methodology_and_sources.md),,"RCEP, CPTPP, EVFTA, ASEAN-China FTA, Vietnam-Chile FTA; manufacturing open to 100% FDI."
Vietnam,strategic_risk,sr_competition,sr_local_competition_overcapacity,Local competition / overcapacity (rubric),7.5,score (0-10 rubric),2026,qualitative,rubric,,,7.5,1.0,0.1,estimate,Low,Analyst assessment against the published rubric (see methodology_and_sources.md),,"No commercial local algal-DHA producer found (Thai: only BIOTEC/Kasetsart research strains), but market is exposed to Chinese algal DHA imports at zero tariff under ACFTA/RCEP - rubric level 7.5 (""no commercial producer but pilots or strong import competition"")."
Vietnam,strategic_risk,sr_country,sr_political_trade_policy_risk,Political / trade-policy risk (rubric),5.0,score (0-10 rubric),2026,qualitative,rubric,,,5.0,0.5,0.04000000000000001,estimate,Medium,Analyst assessment against the published rubric (see methodology_and_sources.md),,Stable single-party government; exposure to US tariffs and possible Section 301 action; regulatory implementation can be slow.
Vietnam,strategic_risk,sr_country,sr_sovereign_rating_notch,"S&P sovereign rating (notch, 1 = AAA)",11.0,S&P notch (1=AAA); BB+,2026,linear,lower is better,16.0,4.0,4.167,0.5,0.04000000000000001,reported,Medium,"S&P Global Ratings long-term foreign-currency sovereign ratings, via TradingEconomics / countryeconomy aggregators",https://tradingeconomics.com/country-list/rating,
Vietnam,strategic_risk,sr_ip,sr_ip_protection,IP protection - USTR Special 301 status (rubric),0.0,score (0-10 rubric),2026,qualitative,rubric,,,0.0,1.0,0.020000000000000004,reported,High,USTR - 2026 Special 301 Report (released 30 Apr 2026),https://ustr.gov/about/policy-offices/press-office/press-releases/2026/april/ustr-releases-2026-special-301-report-intellectual-property-protection-and-enforcement,Priority Foreign Country (2026) - only country in this category; possible Section 301 investigation.
