,probability
P(Brazil > Chile),1.0
P(Brazil > China),1.0
P(Brazil > India),1.0
P(Brazil > Indonesia),1.0
P(Brazil > Mexico),1.0
P(Brazil > Thailand),0.828
P(Brazil > Vietnam),1.0
P(Chile > China),0.0186
P(Chile > India),0.048
P(Chile > Indonesia),0.648
P(Chile > Mexico),0.3598
P(Chile > Thailand),0.0
P(Chile > Vietnam),0.1456
P(China > India),0.5434
P(China > Indonesia),0.9904
P(China > Mexico),0.963
P(China > Thailand),0.0
P(China > Vietnam),0.791
P(India > Indonesia),0.9688
P(India > Mexico),0.9094
P(India > Thailand),0.0008
P(India > Vietnam),0.724
P(Indonesia > Mexico),0.2374
P(Indonesia > Thailand),0.0
P(Indonesia > Vietnam),0.09
P(Mexico > Thailand),0.0
P(Mexico > Vietnam),0.2308
P(Thailand > Vietnam),0.9998
