country,metric_id,rater,score,notes
Brazil,pe_sugar_cost_position,corbion,,0 / 2.5 / 5 / 7.5 / 10 per methodology_and_sources.md section 5
Brazil,pe_steam_biomass_cogeneration,corbion,,0 / 2.5 / 5 / 7.5 / 10 per methodology_and_sources.md section 5
Brazil,pe_industrial_water_wastewater_infra,corbion,,0 / 2.5 / 5 / 7.5 / 10 per methodology_and_sources.md section 5
Brazil,pe_construction_epc_capability,corbion,,0 / 2.5 / 5 / 7.5 / 10 per methodology_and_sources.md section 5
Brazil,ma_premium_species,corbion,,0 / 2.5 / 5 / 7.5 / 10 per methodology_and_sources.md section 5
Brazil,ma_biomar_customer_proximity,corbion,,0 / 2.5 / 5 / 7.5 / 10 per methodology_and_sources.md section 5
Brazil,cr_existing_manufacturing,corbion,,0 / 2.5 / 5 / 7.5 / 10 per methodology_and_sources.md section 5
Brazil,cr_fermentation_talent,corbion,,0 / 2.5 / 5 / 7.5 / 10 per methodology_and_sources.md section 5
Brazil,cr_commercial_innovation_presence,corbion,,0 / 2.5 / 5 / 7.5 / 10 per methodology_and_sources.md section 5
Brazil,ri_product_approvals,corbion,,0 / 2.5 / 5 / 7.5 / 10 per methodology_and_sources.md section 5
Brazil,ri_local_production_permitting,corbion,,0 / 2.5 / 5 / 7.5 / 10 per methodology_and_sources.md section 5
Brazil,ri_investment_incentives,corbion,,0 / 2.5 / 5 / 7.5 / 10 per methodology_and_sources.md section 5
Brazil,ri_trade_fdi_access,corbion,,0 / 2.5 / 5 / 7.5 / 10 per methodology_and_sources.md section 5
Brazil,sr_local_competition_overcapacity,corbion,,0 / 2.5 / 5 / 7.5 / 10 per methodology_and_sources.md section 5
Brazil,sr_ip_protection,corbion,,0 / 2.5 / 5 / 7.5 / 10 per methodology_and_sources.md section 5
Brazil,sr_political_trade_policy_risk,corbion,,0 / 2.5 / 5 / 7.5 / 10 per methodology_and_sources.md section 5
Chile,pe_sugar_cost_position,corbion,,0 / 2.5 / 5 / 7.5 / 10 per methodology_and_sources.md section 5
Chile,pe_steam_biomass_cogeneration,corbion,,0 / 2.5 / 5 / 7.5 / 10 per methodology_and_sources.md section 5
Chile,pe_industrial_water_wastewater_infra,corbion,,0 / 2.5 / 5 / 7.5 / 10 per methodology_and_sources.md section 5
Chile,pe_construction_epc_capability,corbion,,0 / 2.5 / 5 / 7.5 / 10 per methodology_and_sources.md section 5
Chile,ma_premium_species,corbion,,0 / 2.5 / 5 / 7.5 / 10 per methodology_and_sources.md section 5
Chile,ma_biomar_customer_proximity,corbion,,0 / 2.5 / 5 / 7.5 / 10 per methodology_and_sources.md section 5
Chile,cr_existing_manufacturing,corbion,,0 / 2.5 / 5 / 7.5 / 10 per methodology_and_sources.md section 5
Chile,cr_fermentation_talent,corbion,,0 / 2.5 / 5 / 7.5 / 10 per methodology_and_sources.md section 5
Chile,cr_commercial_innovation_presence,corbion,,0 / 2.5 / 5 / 7.5 / 10 per methodology_and_sources.md section 5
Chile,ri_product_approvals,corbion,,0 / 2.5 / 5 / 7.5 / 10 per methodology_and_sources.md section 5
Chile,ri_local_production_permitting,corbion,,0 / 2.5 / 5 / 7.5 / 10 per methodology_and_sources.md section 5
Chile,ri_investment_incentives,corbion,,0 / 2.5 / 5 / 7.5 / 10 per methodology_and_sources.md section 5
Chile,ri_trade_fdi_access,corbion,,0 / 2.5 / 5 / 7.5 / 10 per methodology_and_sources.md section 5
Chile,sr_local_competition_overcapacity,corbion,,0 / 2.5 / 5 / 7.5 / 10 per methodology_and_sources.md section 5
Chile,sr_ip_protection,corbion,,0 / 2.5 / 5 / 7.5 / 10 per methodology_and_sources.md section 5
Chile,sr_political_trade_policy_risk,corbion,,0 / 2.5 / 5 / 7.5 / 10 per methodology_and_sources.md section 5
China,pe_sugar_cost_position,corbion,,0 / 2.5 / 5 / 7.5 / 10 per methodology_and_sources.md section 5
China,pe_steam_biomass_cogeneration,corbion,,0 / 2.5 / 5 / 7.5 / 10 per methodology_and_sources.md section 5
China,pe_industrial_water_wastewater_infra,corbion,,0 / 2.5 / 5 / 7.5 / 10 per methodology_and_sources.md section 5
China,pe_construction_epc_capability,corbion,,0 / 2.5 / 5 / 7.5 / 10 per methodology_and_sources.md section 5
China,ma_premium_species,corbion,,0 / 2.5 / 5 / 7.5 / 10 per methodology_and_sources.md section 5
China,ma_biomar_customer_proximity,corbion,,0 / 2.5 / 5 / 7.5 / 10 per methodology_and_sources.md section 5
China,cr_existing_manufacturing,corbion,,0 / 2.5 / 5 / 7.5 / 10 per methodology_and_sources.md section 5
China,cr_fermentation_talent,corbion,,0 / 2.5 / 5 / 7.5 / 10 per methodology_and_sources.md section 5
China,cr_commercial_innovation_presence,corbion,,0 / 2.5 / 5 / 7.5 / 10 per methodology_and_sources.md section 5
China,ri_product_approvals,corbion,,0 / 2.5 / 5 / 7.5 / 10 per methodology_and_sources.md section 5
China,ri_local_production_permitting,corbion,,0 / 2.5 / 5 / 7.5 / 10 per methodology_and_sources.md section 5
China,ri_investment_incentives,corbion,,0 / 2.5 / 5 / 7.5 / 10 per methodology_and_sources.md section 5
China,ri_trade_fdi_access,corbion,,0 / 2.5 / 5 / 7.5 / 10 per methodology_and_sources.md section 5
China,sr_local_competition_overcapacity,corbion,,0 / 2.5 / 5 / 7.5 / 10 per methodology_and_sources.md section 5
China,sr_ip_protection,corbion,,0 / 2.5 / 5 / 7.5 / 10 per methodology_and_sources.md section 5
China,sr_political_trade_policy_risk,corbion,,0 / 2.5 / 5 / 7.5 / 10 per methodology_and_sources.md section 5
India,pe_sugar_cost_position,corbion,,0 / 2.5 / 5 / 7.5 / 10 per methodology_and_sources.md section 5
India,pe_steam_biomass_cogeneration,corbion,,0 / 2.5 / 5 / 7.5 / 10 per methodology_and_sources.md section 5
India,pe_industrial_water_wastewater_infra,corbion,,0 / 2.5 / 5 / 7.5 / 10 per methodology_and_sources.md section 5
India,pe_construction_epc_capability,corbion,,0 / 2.5 / 5 / 7.5 / 10 per methodology_and_sources.md section 5
India,ma_premium_species,corbion,,0 / 2.5 / 5 / 7.5 / 10 per methodology_and_sources.md section 5
India,ma_biomar_customer_proximity,corbion,,0 / 2.5 / 5 / 7.5 / 10 per methodology_and_sources.md section 5
India,cr_existing_manufacturing,corbion,,0 / 2.5 / 5 / 7.5 / 10 per methodology_and_sources.md section 5
India,cr_fermentation_talent,corbion,,0 / 2.5 / 5 / 7.5 / 10 per methodology_and_sources.md section 5
India,cr_commercial_innovation_presence,corbion,,0 / 2.5 / 5 / 7.5 / 10 per methodology_and_sources.md section 5
India,ri_product_approvals,corbion,,0 / 2.5 / 5 / 7.5 / 10 per methodology_and_sources.md section 5
India,ri_local_production_permitting,corbion,,0 / 2.5 / 5 / 7.5 / 10 per methodology_and_sources.md section 5
India,ri_investment_incentives,corbion,,0 / 2.5 / 5 / 7.5 / 10 per methodology_and_sources.md section 5
India,ri_trade_fdi_access,corbion,,0 / 2.5 / 5 / 7.5 / 10 per methodology_and_sources.md section 5
India,sr_local_competition_overcapacity,corbion,,0 / 2.5 / 5 / 7.5 / 10 per methodology_and_sources.md section 5
India,sr_ip_protection,corbion,,0 / 2.5 / 5 / 7.5 / 10 per methodology_and_sources.md section 5
India,sr_political_trade_policy_risk,corbion,,0 / 2.5 / 5 / 7.5 / 10 per methodology_and_sources.md section 5
Indonesia,pe_sugar_cost_position,corbion,,0 / 2.5 / 5 / 7.5 / 10 per methodology_and_sources.md section 5
Indonesia,pe_steam_biomass_cogeneration,corbion,,0 / 2.5 / 5 / 7.5 / 10 per methodology_and_sources.md section 5
Indonesia,pe_industrial_water_wastewater_infra,corbion,,0 / 2.5 / 5 / 7.5 / 10 per methodology_and_sources.md section 5
Indonesia,pe_construction_epc_capability,corbion,,0 / 2.5 / 5 / 7.5 / 10 per methodology_and_sources.md section 5
Indonesia,ma_premium_species,corbion,,0 / 2.5 / 5 / 7.5 / 10 per methodology_and_sources.md section 5
Indonesia,ma_biomar_customer_proximity,corbion,,0 / 2.5 / 5 / 7.5 / 10 per methodology_and_sources.md section 5
Indonesia,cr_existing_manufacturing,corbion,,0 / 2.5 / 5 / 7.5 / 10 per methodology_and_sources.md section 5
Indonesia,cr_fermentation_talent,corbion,,0 / 2.5 / 5 / 7.5 / 10 per methodology_and_sources.md section 5
Indonesia,cr_commercial_innovation_presence,corbion,,0 / 2.5 / 5 / 7.5 / 10 per methodology_and_sources.md section 5
Indonesia,ri_product_approvals,corbion,,0 / 2.5 / 5 / 7.5 / 10 per methodology_and_sources.md section 5
Indonesia,ri_local_production_permitting,corbion,,0 / 2.5 / 5 / 7.5 / 10 per methodology_and_sources.md section 5
Indonesia,ri_investment_incentives,corbion,,0 / 2.5 / 5 / 7.5 / 10 per methodology_and_sources.md section 5
Indonesia,ri_trade_fdi_access,corbion,,0 / 2.5 / 5 / 7.5 / 10 per methodology_and_sources.md section 5
Indonesia,sr_local_competition_overcapacity,corbion,,0 / 2.5 / 5 / 7.5 / 10 per methodology_and_sources.md section 5
Indonesia,sr_ip_protection,corbion,,0 / 2.5 / 5 / 7.5 / 10 per methodology_and_sources.md section 5
Indonesia,sr_political_trade_policy_risk,corbion,,0 / 2.5 / 5 / 7.5 / 10 per methodology_and_sources.md section 5
Mexico,pe_sugar_cost_position,corbion,,0 / 2.5 / 5 / 7.5 / 10 per methodology_and_sources.md section 5
Mexico,pe_steam_biomass_cogeneration,corbion,,0 / 2.5 / 5 / 7.5 / 10 per methodology_and_sources.md section 5
Mexico,pe_industrial_water_wastewater_infra,corbion,,0 / 2.5 / 5 / 7.5 / 10 per methodology_and_sources.md section 5
Mexico,pe_construction_epc_capability,corbion,,0 / 2.5 / 5 / 7.5 / 10 per methodology_and_sources.md section 5
Mexico,ma_premium_species,corbion,,0 / 2.5 / 5 / 7.5 / 10 per methodology_and_sources.md section 5
Mexico,ma_biomar_customer_proximity,corbion,,0 / 2.5 / 5 / 7.5 / 10 per methodology_and_sources.md section 5
Mexico,cr_existing_manufacturing,corbion,,0 / 2.5 / 5 / 7.5 / 10 per methodology_and_sources.md section 5
Mexico,cr_fermentation_talent,corbion,,0 / 2.5 / 5 / 7.5 / 10 per methodology_and_sources.md section 5
Mexico,cr_commercial_innovation_presence,corbion,,0 / 2.5 / 5 / 7.5 / 10 per methodology_and_sources.md section 5
Mexico,ri_product_approvals,corbion,,0 / 2.5 / 5 / 7.5 / 10 per methodology_and_sources.md section 5
Mexico,ri_local_production_permitting,corbion,,0 / 2.5 / 5 / 7.5 / 10 per methodology_and_sources.md section 5
Mexico,ri_investment_incentives,corbion,,0 / 2.5 / 5 / 7.5 / 10 per methodology_and_sources.md section 5
Mexico,ri_trade_fdi_access,corbion,,0 / 2.5 / 5 / 7.5 / 10 per methodology_and_sources.md section 5
Mexico,sr_local_competition_overcapacity,corbion,,0 / 2.5 / 5 / 7.5 / 10 per methodology_and_sources.md section 5
Mexico,sr_ip_protection,corbion,,0 / 2.5 / 5 / 7.5 / 10 per methodology_and_sources.md section 5
Mexico,sr_political_trade_policy_risk,corbion,,0 / 2.5 / 5 / 7.5 / 10 per methodology_and_sources.md section 5
Thailand,pe_sugar_cost_position,corbion,,0 / 2.5 / 5 / 7.5 / 10 per methodology_and_sources.md section 5
Thailand,pe_steam_biomass_cogeneration,corbion,,0 / 2.5 / 5 / 7.5 / 10 per methodology_and_sources.md section 5
Thailand,pe_industrial_water_wastewater_infra,corbion,,0 / 2.5 / 5 / 7.5 / 10 per methodology_and_sources.md section 5
Thailand,pe_construction_epc_capability,corbion,,0 / 2.5 / 5 / 7.5 / 10 per methodology_and_sources.md section 5
Thailand,ma_premium_species,corbion,,0 / 2.5 / 5 / 7.5 / 10 per methodology_and_sources.md section 5
Thailand,ma_biomar_customer_proximity,corbion,,0 / 2.5 / 5 / 7.5 / 10 per methodology_and_sources.md section 5
Thailand,cr_existing_manufacturing,corbion,,0 / 2.5 / 5 / 7.5 / 10 per methodology_and_sources.md section 5
Thailand,cr_fermentation_talent,corbion,,0 / 2.5 / 5 / 7.5 / 10 per methodology_and_sources.md section 5
Thailand,cr_commercial_innovation_presence,corbion,,0 / 2.5 / 5 / 7.5 / 10 per methodology_and_sources.md section 5
Thailand,ri_product_approvals,corbion,,0 / 2.5 / 5 / 7.5 / 10 per methodology_and_sources.md section 5
Thailand,ri_local_production_permitting,corbion,,0 / 2.5 / 5 / 7.5 / 10 per methodology_and_sources.md section 5
Thailand,ri_investment_incentives,corbion,,0 / 2.5 / 5 / 7.5 / 10 per methodology_and_sources.md section 5
Thailand,ri_trade_fdi_access,corbion,,0 / 2.5 / 5 / 7.5 / 10 per methodology_and_sources.md section 5
Thailand,sr_local_competition_overcapacity,corbion,,0 / 2.5 / 5 / 7.5 / 10 per methodology_and_sources.md section 5
Thailand,sr_ip_protection,corbion,,0 / 2.5 / 5 / 7.5 / 10 per methodology_and_sources.md section 5
Thailand,sr_political_trade_policy_risk,corbion,,0 / 2.5 / 5 / 7.5 / 10 per methodology_and_sources.md section 5
Vietnam,pe_sugar_cost_position,corbion,,0 / 2.5 / 5 / 7.5 / 10 per methodology_and_sources.md section 5
Vietnam,pe_steam_biomass_cogeneration,corbion,,0 / 2.5 / 5 / 7.5 / 10 per methodology_and_sources.md section 5
Vietnam,pe_industrial_water_wastewater_infra,corbion,,0 / 2.5 / 5 / 7.5 / 10 per methodology_and_sources.md section 5
Vietnam,pe_construction_epc_capability,corbion,,0 / 2.5 / 5 / 7.5 / 10 per methodology_and_sources.md section 5
Vietnam,ma_premium_species,corbion,,0 / 2.5 / 5 / 7.5 / 10 per methodology_and_sources.md section 5
Vietnam,ma_biomar_customer_proximity,corbion,,0 / 2.5 / 5 / 7.5 / 10 per methodology_and_sources.md section 5
Vietnam,cr_existing_manufacturing,corbion,,0 / 2.5 / 5 / 7.5 / 10 per methodology_and_sources.md section 5
Vietnam,cr_fermentation_talent,corbion,,0 / 2.5 / 5 / 7.5 / 10 per methodology_and_sources.md section 5
Vietnam,cr_commercial_innovation_presence,corbion,,0 / 2.5 / 5 / 7.5 / 10 per methodology_and_sources.md section 5
Vietnam,ri_product_approvals,corbion,,0 / 2.5 / 5 / 7.5 / 10 per methodology_and_sources.md section 5
Vietnam,ri_local_production_permitting,corbion,,0 / 2.5 / 5 / 7.5 / 10 per methodology_and_sources.md section 5
Vietnam,ri_investment_incentives,corbion,,0 / 2.5 / 5 / 7.5 / 10 per methodology_and_sources.md section 5
Vietnam,ri_trade_fdi_access,corbion,,0 / 2.5 / 5 / 7.5 / 10 per methodology_and_sources.md section 5
Vietnam,sr_local_competition_overcapacity,corbion,,0 / 2.5 / 5 / 7.5 / 10 per methodology_and_sources.md section 5
Vietnam,sr_ip_protection,corbion,,0 / 2.5 / 5 / 7.5 / 10 per methodology_and_sources.md section 5
Vietnam,sr_political_trade_policy_risk,corbion,,0 / 2.5 / 5 / 7.5 / 10 per methodology_and_sources.md section 5
Brazil,pe_sugar_cost_position,agroinsper,,0 / 2.5 / 5 / 7.5 / 10 per methodology_and_sources.md section 5
Brazil,pe_steam_biomass_cogeneration,agroinsper,,0 / 2.5 / 5 / 7.5 / 10 per methodology_and_sources.md section 5
Brazil,pe_industrial_water_wastewater_infra,agroinsper,,0 / 2.5 / 5 / 7.5 / 10 per methodology_and_sources.md section 5
Brazil,pe_construction_epc_capability,agroinsper,,0 / 2.5 / 5 / 7.5 / 10 per methodology_and_sources.md section 5
Brazil,ma_premium_species,agroinsper,,0 / 2.5 / 5 / 7.5 / 10 per methodology_and_sources.md section 5
Brazil,ma_biomar_customer_proximity,agroinsper,,0 / 2.5 / 5 / 7.5 / 10 per methodology_and_sources.md section 5
Brazil,cr_existing_manufacturing,agroinsper,,0 / 2.5 / 5 / 7.5 / 10 per methodology_and_sources.md section 5
Brazil,cr_fermentation_talent,agroinsper,,0 / 2.5 / 5 / 7.5 / 10 per methodology_and_sources.md section 5
Brazil,cr_commercial_innovation_presence,agroinsper,,0 / 2.5 / 5 / 7.5 / 10 per methodology_and_sources.md section 5
Brazil,ri_product_approvals,agroinsper,,0 / 2.5 / 5 / 7.5 / 10 per methodology_and_sources.md section 5
Brazil,ri_local_production_permitting,agroinsper,,0 / 2.5 / 5 / 7.5 / 10 per methodology_and_sources.md section 5
Brazil,ri_investment_incentives,agroinsper,,0 / 2.5 / 5 / 7.5 / 10 per methodology_and_sources.md section 5
Brazil,ri_trade_fdi_access,agroinsper,,0 / 2.5 / 5 / 7.5 / 10 per methodology_and_sources.md section 5
Brazil,sr_local_competition_overcapacity,agroinsper,,0 / 2.5 / 5 / 7.5 / 10 per methodology_and_sources.md section 5
Brazil,sr_ip_protection,agroinsper,,0 / 2.5 / 5 / 7.5 / 10 per methodology_and_sources.md section 5
Brazil,sr_political_trade_policy_risk,agroinsper,,0 / 2.5 / 5 / 7.5 / 10 per methodology_and_sources.md section 5
Chile,pe_sugar_cost_position,agroinsper,,0 / 2.5 / 5 / 7.5 / 10 per methodology_and_sources.md section 5
Chile,pe_steam_biomass_cogeneration,agroinsper,,0 / 2.5 / 5 / 7.5 / 10 per methodology_and_sources.md section 5
Chile,pe_industrial_water_wastewater_infra,agroinsper,,0 / 2.5 / 5 / 7.5 / 10 per methodology_and_sources.md section 5
Chile,pe_construction_epc_capability,agroinsper,,0 / 2.5 / 5 / 7.5 / 10 per methodology_and_sources.md section 5
Chile,ma_premium_species,agroinsper,,0 / 2.5 / 5 / 7.5 / 10 per methodology_and_sources.md section 5
Chile,ma_biomar_customer_proximity,agroinsper,,0 / 2.5 / 5 / 7.5 / 10 per methodology_and_sources.md section 5
Chile,cr_existing_manufacturing,agroinsper,,0 / 2.5 / 5 / 7.5 / 10 per methodology_and_sources.md section 5
Chile,cr_fermentation_talent,agroinsper,,0 / 2.5 / 5 / 7.5 / 10 per methodology_and_sources.md section 5
Chile,cr_commercial_innovation_presence,agroinsper,,0 / 2.5 / 5 / 7.5 / 10 per methodology_and_sources.md section 5
Chile,ri_product_approvals,agroinsper,,0 / 2.5 / 5 / 7.5 / 10 per methodology_and_sources.md section 5
Chile,ri_local_production_permitting,agroinsper,,0 / 2.5 / 5 / 7.5 / 10 per methodology_and_sources.md section 5
Chile,ri_investment_incentives,agroinsper,,0 / 2.5 / 5 / 7.5 / 10 per methodology_and_sources.md section 5
Chile,ri_trade_fdi_access,agroinsper,,0 / 2.5 / 5 / 7.5 / 10 per methodology_and_sources.md section 5
Chile,sr_local_competition_overcapacity,agroinsper,,0 / 2.5 / 5 / 7.5 / 10 per methodology_and_sources.md section 5
Chile,sr_ip_protection,agroinsper,,0 / 2.5 / 5 / 7.5 / 10 per methodology_and_sources.md section 5
Chile,sr_political_trade_policy_risk,agroinsper,,0 / 2.5 / 5 / 7.5 / 10 per methodology_and_sources.md section 5
China,pe_sugar_cost_position,agroinsper,,0 / 2.5 / 5 / 7.5 / 10 per methodology_and_sources.md section 5
China,pe_steam_biomass_cogeneration,agroinsper,,0 / 2.5 / 5 / 7.5 / 10 per methodology_and_sources.md section 5
China,pe_industrial_water_wastewater_infra,agroinsper,,0 / 2.5 / 5 / 7.5 / 10 per methodology_and_sources.md section 5
China,pe_construction_epc_capability,agroinsper,,0 / 2.5 / 5 / 7.5 / 10 per methodology_and_sources.md section 5
China,ma_premium_species,agroinsper,,0 / 2.5 / 5 / 7.5 / 10 per methodology_and_sources.md section 5
China,ma_biomar_customer_proximity,agroinsper,,0 / 2.5 / 5 / 7.5 / 10 per methodology_and_sources.md section 5
China,cr_existing_manufacturing,agroinsper,,0 / 2.5 / 5 / 7.5 / 10 per methodology_and_sources.md section 5
China,cr_fermentation_talent,agroinsper,,0 / 2.5 / 5 / 7.5 / 10 per methodology_and_sources.md section 5
China,cr_commercial_innovation_presence,agroinsper,,0 / 2.5 / 5 / 7.5 / 10 per methodology_and_sources.md section 5
China,ri_product_approvals,agroinsper,,0 / 2.5 / 5 / 7.5 / 10 per methodology_and_sources.md section 5
China,ri_local_production_permitting,agroinsper,,0 / 2.5 / 5 / 7.5 / 10 per methodology_and_sources.md section 5
China,ri_investment_incentives,agroinsper,,0 / 2.5 / 5 / 7.5 / 10 per methodology_and_sources.md section 5
China,ri_trade_fdi_access,agroinsper,,0 / 2.5 / 5 / 7.5 / 10 per methodology_and_sources.md section 5
China,sr_local_competition_overcapacity,agroinsper,,0 / 2.5 / 5 / 7.5 / 10 per methodology_and_sources.md section 5
China,sr_ip_protection,agroinsper,,0 / 2.5 / 5 / 7.5 / 10 per methodology_and_sources.md section 5
China,sr_political_trade_policy_risk,agroinsper,,0 / 2.5 / 5 / 7.5 / 10 per methodology_and_sources.md section 5
India,pe_sugar_cost_position,agroinsper,,0 / 2.5 / 5 / 7.5 / 10 per methodology_and_sources.md section 5
India,pe_steam_biomass_cogeneration,agroinsper,,0 / 2.5 / 5 / 7.5 / 10 per methodology_and_sources.md section 5
India,pe_industrial_water_wastewater_infra,agroinsper,,0 / 2.5 / 5 / 7.5 / 10 per methodology_and_sources.md section 5
India,pe_construction_epc_capability,agroinsper,,0 / 2.5 / 5 / 7.5 / 10 per methodology_and_sources.md section 5
India,ma_premium_species,agroinsper,,0 / 2.5 / 5 / 7.5 / 10 per methodology_and_sources.md section 5
India,ma_biomar_customer_proximity,agroinsper,,0 / 2.5 / 5 / 7.5 / 10 per methodology_and_sources.md section 5
India,cr_existing_manufacturing,agroinsper,,0 / 2.5 / 5 / 7.5 / 10 per methodology_and_sources.md section 5
India,cr_fermentation_talent,agroinsper,,0 / 2.5 / 5 / 7.5 / 10 per methodology_and_sources.md section 5
India,cr_commercial_innovation_presence,agroinsper,,0 / 2.5 / 5 / 7.5 / 10 per methodology_and_sources.md section 5
India,ri_product_approvals,agroinsper,,0 / 2.5 / 5 / 7.5 / 10 per methodology_and_sources.md section 5
India,ri_local_production_permitting,agroinsper,,0 / 2.5 / 5 / 7.5 / 10 per methodology_and_sources.md section 5
India,ri_investment_incentives,agroinsper,,0 / 2.5 / 5 / 7.5 / 10 per methodology_and_sources.md section 5
India,ri_trade_fdi_access,agroinsper,,0 / 2.5 / 5 / 7.5 / 10 per methodology_and_sources.md section 5
India,sr_local_competition_overcapacity,agroinsper,,0 / 2.5 / 5 / 7.5 / 10 per methodology_and_sources.md section 5
India,sr_ip_protection,agroinsper,,0 / 2.5 / 5 / 7.5 / 10 per methodology_and_sources.md section 5
India,sr_political_trade_policy_risk,agroinsper,,0 / 2.5 / 5 / 7.5 / 10 per methodology_and_sources.md section 5
Indonesia,pe_sugar_cost_position,agroinsper,,0 / 2.5 / 5 / 7.5 / 10 per methodology_and_sources.md section 5
Indonesia,pe_steam_biomass_cogeneration,agroinsper,,0 / 2.5 / 5 / 7.5 / 10 per methodology_and_sources.md section 5
Indonesia,pe_industrial_water_wastewater_infra,agroinsper,,0 / 2.5 / 5 / 7.5 / 10 per methodology_and_sources.md section 5
Indonesia,pe_construction_epc_capability,agroinsper,,0 / 2.5 / 5 / 7.5 / 10 per methodology_and_sources.md section 5
Indonesia,ma_premium_species,agroinsper,,0 / 2.5 / 5 / 7.5 / 10 per methodology_and_sources.md section 5
Indonesia,ma_biomar_customer_proximity,agroinsper,,0 / 2.5 / 5 / 7.5 / 10 per methodology_and_sources.md section 5
Indonesia,cr_existing_manufacturing,agroinsper,,0 / 2.5 / 5 / 7.5 / 10 per methodology_and_sources.md section 5
Indonesia,cr_fermentation_talent,agroinsper,,0 / 2.5 / 5 / 7.5 / 10 per methodology_and_sources.md section 5
Indonesia,cr_commercial_innovation_presence,agroinsper,,0 / 2.5 / 5 / 7.5 / 10 per methodology_and_sources.md section 5
Indonesia,ri_product_approvals,agroinsper,,0 / 2.5 / 5 / 7.5 / 10 per methodology_and_sources.md section 5
Indonesia,ri_local_production_permitting,agroinsper,,0 / 2.5 / 5 / 7.5 / 10 per methodology_and_sources.md section 5
Indonesia,ri_investment_incentives,agroinsper,,0 / 2.5 / 5 / 7.5 / 10 per methodology_and_sources.md section 5
Indonesia,ri_trade_fdi_access,agroinsper,,0 / 2.5 / 5 / 7.5 / 10 per methodology_and_sources.md section 5
Indonesia,sr_local_competition_overcapacity,agroinsper,,0 / 2.5 / 5 / 7.5 / 10 per methodology_and_sources.md section 5
Indonesia,sr_ip_protection,agroinsper,,0 / 2.5 / 5 / 7.5 / 10 per methodology_and_sources.md section 5
Indonesia,sr_political_trade_policy_risk,agroinsper,,0 / 2.5 / 5 / 7.5 / 10 per methodology_and_sources.md section 5
Mexico,pe_sugar_cost_position,agroinsper,,0 / 2.5 / 5 / 7.5 / 10 per methodology_and_sources.md section 5
Mexico,pe_steam_biomass_cogeneration,agroinsper,,0 / 2.5 / 5 / 7.5 / 10 per methodology_and_sources.md section 5
Mexico,pe_industrial_water_wastewater_infra,agroinsper,,0 / 2.5 / 5 / 7.5 / 10 per methodology_and_sources.md section 5
Mexico,pe_construction_epc_capability,agroinsper,,0 / 2.5 / 5 / 7.5 / 10 per methodology_and_sources.md section 5
Mexico,ma_premium_species,agroinsper,,0 / 2.5 / 5 / 7.5 / 10 per methodology_and_sources.md section 5
Mexico,ma_biomar_customer_proximity,agroinsper,,0 / 2.5 / 5 / 7.5 / 10 per methodology_and_sources.md section 5
Mexico,cr_existing_manufacturing,agroinsper,,0 / 2.5 / 5 / 7.5 / 10 per methodology_and_sources.md section 5
Mexico,cr_fermentation_talent,agroinsper,,0 / 2.5 / 5 / 7.5 / 10 per methodology_and_sources.md section 5
Mexico,cr_commercial_innovation_presence,agroinsper,,0 / 2.5 / 5 / 7.5 / 10 per methodology_and_sources.md section 5
Mexico,ri_product_approvals,agroinsper,,0 / 2.5 / 5 / 7.5 / 10 per methodology_and_sources.md section 5
Mexico,ri_local_production_permitting,agroinsper,,0 / 2.5 / 5 / 7.5 / 10 per methodology_and_sources.md section 5
Mexico,ri_investment_incentives,agroinsper,,0 / 2.5 / 5 / 7.5 / 10 per methodology_and_sources.md section 5
Mexico,ri_trade_fdi_access,agroinsper,,0 / 2.5 / 5 / 7.5 / 10 per methodology_and_sources.md section 5
Mexico,sr_local_competition_overcapacity,agroinsper,,0 / 2.5 / 5 / 7.5 / 10 per methodology_and_sources.md section 5
Mexico,sr_ip_protection,agroinsper,,0 / 2.5 / 5 / 7.5 / 10 per methodology_and_sources.md section 5
Mexico,sr_political_trade_policy_risk,agroinsper,,0 / 2.5 / 5 / 7.5 / 10 per methodology_and_sources.md section 5
Thailand,pe_sugar_cost_position,agroinsper,,0 / 2.5 / 5 / 7.5 / 10 per methodology_and_sources.md section 5
Thailand,pe_steam_biomass_cogeneration,agroinsper,,0 / 2.5 / 5 / 7.5 / 10 per methodology_and_sources.md section 5
Thailand,pe_industrial_water_wastewater_infra,agroinsper,,0 / 2.5 / 5 / 7.5 / 10 per methodology_and_sources.md section 5
Thailand,pe_construction_epc_capability,agroinsper,,0 / 2.5 / 5 / 7.5 / 10 per methodology_and_sources.md section 5
Thailand,ma_premium_species,agroinsper,,0 / 2.5 / 5 / 7.5 / 10 per methodology_and_sources.md section 5
Thailand,ma_biomar_customer_proximity,agroinsper,,0 / 2.5 / 5 / 7.5 / 10 per methodology_and_sources.md section 5
Thailand,cr_existing_manufacturing,agroinsper,,0 / 2.5 / 5 / 7.5 / 10 per methodology_and_sources.md section 5
Thailand,cr_fermentation_talent,agroinsper,,0 / 2.5 / 5 / 7.5 / 10 per methodology_and_sources.md section 5
Thailand,cr_commercial_innovation_presence,agroinsper,,0 / 2.5 / 5 / 7.5 / 10 per methodology_and_sources.md section 5
Thailand,ri_product_approvals,agroinsper,,0 / 2.5 / 5 / 7.5 / 10 per methodology_and_sources.md section 5
Thailand,ri_local_production_permitting,agroinsper,,0 / 2.5 / 5 / 7.5 / 10 per methodology_and_sources.md section 5
Thailand,ri_investment_incentives,agroinsper,,0 / 2.5 / 5 / 7.5 / 10 per methodology_and_sources.md section 5
Thailand,ri_trade_fdi_access,agroinsper,,0 / 2.5 / 5 / 7.5 / 10 per methodology_and_sources.md section 5
Thailand,sr_local_competition_overcapacity,agroinsper,,0 / 2.5 / 5 / 7.5 / 10 per methodology_and_sources.md section 5
Thailand,sr_ip_protection,agroinsper,,0 / 2.5 / 5 / 7.5 / 10 per methodology_and_sources.md section 5
Thailand,sr_political_trade_policy_risk,agroinsper,,0 / 2.5 / 5 / 7.5 / 10 per methodology_and_sources.md section 5
Vietnam,pe_sugar_cost_position,agroinsper,,0 / 2.5 / 5 / 7.5 / 10 per methodology_and_sources.md section 5
Vietnam,pe_steam_biomass_cogeneration,agroinsper,,0 / 2.5 / 5 / 7.5 / 10 per methodology_and_sources.md section 5
Vietnam,pe_industrial_water_wastewater_infra,agroinsper,,0 / 2.5 / 5 / 7.5 / 10 per methodology_and_sources.md section 5
Vietnam,pe_construction_epc_capability,agroinsper,,0 / 2.5 / 5 / 7.5 / 10 per methodology_and_sources.md section 5
Vietnam,ma_premium_species,agroinsper,,0 / 2.5 / 5 / 7.5 / 10 per methodology_and_sources.md section 5
Vietnam,ma_biomar_customer_proximity,agroinsper,,0 / 2.5 / 5 / 7.5 / 10 per methodology_and_sources.md section 5
Vietnam,cr_existing_manufacturing,agroinsper,,0 / 2.5 / 5 / 7.5 / 10 per methodology_and_sources.md section 5
Vietnam,cr_fermentation_talent,agroinsper,,0 / 2.5 / 5 / 7.5 / 10 per methodology_and_sources.md section 5
Vietnam,cr_commercial_innovation_presence,agroinsper,,0 / 2.5 / 5 / 7.5 / 10 per methodology_and_sources.md section 5
Vietnam,ri_product_approvals,agroinsper,,0 / 2.5 / 5 / 7.5 / 10 per methodology_and_sources.md section 5
Vietnam,ri_local_production_permitting,agroinsper,,0 / 2.5 / 5 / 7.5 / 10 per methodology_and_sources.md section 5
Vietnam,ri_investment_incentives,agroinsper,,0 / 2.5 / 5 / 7.5 / 10 per methodology_and_sources.md section 5
Vietnam,ri_trade_fdi_access,agroinsper,,0 / 2.5 / 5 / 7.5 / 10 per methodology_and_sources.md section 5
Vietnam,sr_local_competition_overcapacity,agroinsper,,0 / 2.5 / 5 / 7.5 / 10 per methodology_and_sources.md section 5
Vietnam,sr_ip_protection,agroinsper,,0 / 2.5 / 5 / 7.5 / 10 per methodology_and_sources.md section 5
Vietnam,sr_political_trade_policy_risk,agroinsper,,0 / 2.5 / 5 / 7.5 / 10 per methodology_and_sources.md section 5
Brazil,pe_sugar_cost_position,local_expert,,0 / 2.5 / 5 / 7.5 / 10 per methodology_and_sources.md section 5
Brazil,pe_steam_biomass_cogeneration,local_expert,,0 / 2.5 / 5 / 7.5 / 10 per methodology_and_sources.md section 5
Brazil,pe_industrial_water_wastewater_infra,local_expert,,0 / 2.5 / 5 / 7.5 / 10 per methodology_and_sources.md section 5
Brazil,pe_construction_epc_capability,local_expert,,0 / 2.5 / 5 / 7.5 / 10 per methodology_and_sources.md section 5
Brazil,ma_premium_species,local_expert,,0 / 2.5 / 5 / 7.5 / 10 per methodology_and_sources.md section 5
Brazil,ma_biomar_customer_proximity,local_expert,,0 / 2.5 / 5 / 7.5 / 10 per methodology_and_sources.md section 5
Brazil,cr_existing_manufacturing,local_expert,,0 / 2.5 / 5 / 7.5 / 10 per methodology_and_sources.md section 5
Brazil,cr_fermentation_talent,local_expert,,0 / 2.5 / 5 / 7.5 / 10 per methodology_and_sources.md section 5
Brazil,cr_commercial_innovation_presence,local_expert,,0 / 2.5 / 5 / 7.5 / 10 per methodology_and_sources.md section 5
Brazil,ri_product_approvals,local_expert,,0 / 2.5 / 5 / 7.5 / 10 per methodology_and_sources.md section 5
Brazil,ri_local_production_permitting,local_expert,,0 / 2.5 / 5 / 7.5 / 10 per methodology_and_sources.md section 5
Brazil,ri_investment_incentives,local_expert,,0 / 2.5 / 5 / 7.5 / 10 per methodology_and_sources.md section 5
Brazil,ri_trade_fdi_access,local_expert,,0 / 2.5 / 5 / 7.5 / 10 per methodology_and_sources.md section 5
Brazil,sr_local_competition_overcapacity,local_expert,,0 / 2.5 / 5 / 7.5 / 10 per methodology_and_sources.md section 5
Brazil,sr_ip_protection,local_expert,,0 / 2.5 / 5 / 7.5 / 10 per methodology_and_sources.md section 5
Brazil,sr_political_trade_policy_risk,local_expert,,0 / 2.5 / 5 / 7.5 / 10 per methodology_and_sources.md section 5
Chile,pe_sugar_cost_position,local_expert,,0 / 2.5 / 5 / 7.5 / 10 per methodology_and_sources.md section 5
Chile,pe_steam_biomass_cogeneration,local_expert,,0 / 2.5 / 5 / 7.5 / 10 per methodology_and_sources.md section 5
Chile,pe_industrial_water_wastewater_infra,local_expert,,0 / 2.5 / 5 / 7.5 / 10 per methodology_and_sources.md section 5
Chile,pe_construction_epc_capability,local_expert,,0 / 2.5 / 5 / 7.5 / 10 per methodology_and_sources.md section 5
Chile,ma_premium_species,local_expert,,0 / 2.5 / 5 / 7.5 / 10 per methodology_and_sources.md section 5
Chile,ma_biomar_customer_proximity,local_expert,,0 / 2.5 / 5 / 7.5 / 10 per methodology_and_sources.md section 5
Chile,cr_existing_manufacturing,local_expert,,0 / 2.5 / 5 / 7.5 / 10 per methodology_and_sources.md section 5
Chile,cr_fermentation_talent,local_expert,,0 / 2.5 / 5 / 7.5 / 10 per methodology_and_sources.md section 5
Chile,cr_commercial_innovation_presence,local_expert,,0 / 2.5 / 5 / 7.5 / 10 per methodology_and_sources.md section 5
Chile,ri_product_approvals,local_expert,,0 / 2.5 / 5 / 7.5 / 10 per methodology_and_sources.md section 5
Chile,ri_local_production_permitting,local_expert,,0 / 2.5 / 5 / 7.5 / 10 per methodology_and_sources.md section 5
Chile,ri_investment_incentives,local_expert,,0 / 2.5 / 5 / 7.5 / 10 per methodology_and_sources.md section 5
Chile,ri_trade_fdi_access,local_expert,,0 / 2.5 / 5 / 7.5 / 10 per methodology_and_sources.md section 5
Chile,sr_local_competition_overcapacity,local_expert,,0 / 2.5 / 5 / 7.5 / 10 per methodology_and_sources.md section 5
Chile,sr_ip_protection,local_expert,,0 / 2.5 / 5 / 7.5 / 10 per methodology_and_sources.md section 5
Chile,sr_political_trade_policy_risk,local_expert,,0 / 2.5 / 5 / 7.5 / 10 per methodology_and_sources.md section 5
China,pe_sugar_cost_position,local_expert,,0 / 2.5 / 5 / 7.5 / 10 per methodology_and_sources.md section 5
China,pe_steam_biomass_cogeneration,local_expert,,0 / 2.5 / 5 / 7.5 / 10 per methodology_and_sources.md section 5
China,pe_industrial_water_wastewater_infra,local_expert,,0 / 2.5 / 5 / 7.5 / 10 per methodology_and_sources.md section 5
China,pe_construction_epc_capability,local_expert,,0 / 2.5 / 5 / 7.5 / 10 per methodology_and_sources.md section 5
China,ma_premium_species,local_expert,,0 / 2.5 / 5 / 7.5 / 10 per methodology_and_sources.md section 5
China,ma_biomar_customer_proximity,local_expert,,0 / 2.5 / 5 / 7.5 / 10 per methodology_and_sources.md section 5
China,cr_existing_manufacturing,local_expert,,0 / 2.5 / 5 / 7.5 / 10 per methodology_and_sources.md section 5
China,cr_fermentation_talent,local_expert,,0 / 2.5 / 5 / 7.5 / 10 per methodology_and_sources.md section 5
China,cr_commercial_innovation_presence,local_expert,,0 / 2.5 / 5 / 7.5 / 10 per methodology_and_sources.md section 5
China,ri_product_approvals,local_expert,,0 / 2.5 / 5 / 7.5 / 10 per methodology_and_sources.md section 5
China,ri_local_production_permitting,local_expert,,0 / 2.5 / 5 / 7.5 / 10 per methodology_and_sources.md section 5
China,ri_investment_incentives,local_expert,,0 / 2.5 / 5 / 7.5 / 10 per methodology_and_sources.md section 5
China,ri_trade_fdi_access,local_expert,,0 / 2.5 / 5 / 7.5 / 10 per methodology_and_sources.md section 5
China,sr_local_competition_overcapacity,local_expert,,0 / 2.5 / 5 / 7.5 / 10 per methodology_and_sources.md section 5
China,sr_ip_protection,local_expert,,0 / 2.5 / 5 / 7.5 / 10 per methodology_and_sources.md section 5
China,sr_political_trade_policy_risk,local_expert,,0 / 2.5 / 5 / 7.5 / 10 per methodology_and_sources.md section 5
India,pe_sugar_cost_position,local_expert,,0 / 2.5 / 5 / 7.5 / 10 per methodology_and_sources.md section 5
India,pe_steam_biomass_cogeneration,local_expert,,0 / 2.5 / 5 / 7.5 / 10 per methodology_and_sources.md section 5
India,pe_industrial_water_wastewater_infra,local_expert,,0 / 2.5 / 5 / 7.5 / 10 per methodology_and_sources.md section 5
India,pe_construction_epc_capability,local_expert,,0 / 2.5 / 5 / 7.5 / 10 per methodology_and_sources.md section 5
India,ma_premium_species,local_expert,,0 / 2.5 / 5 / 7.5 / 10 per methodology_and_sources.md section 5
India,ma_biomar_customer_proximity,local_expert,,0 / 2.5 / 5 / 7.5 / 10 per methodology_and_sources.md section 5
India,cr_existing_manufacturing,local_expert,,0 / 2.5 / 5 / 7.5 / 10 per methodology_and_sources.md section 5
India,cr_fermentation_talent,local_expert,,0 / 2.5 / 5 / 7.5 / 10 per methodology_and_sources.md section 5
India,cr_commercial_innovation_presence,local_expert,,0 / 2.5 / 5 / 7.5 / 10 per methodology_and_sources.md section 5
India,ri_product_approvals,local_expert,,0 / 2.5 / 5 / 7.5 / 10 per methodology_and_sources.md section 5
India,ri_local_production_permitting,local_expert,,0 / 2.5 / 5 / 7.5 / 10 per methodology_and_sources.md section 5
India,ri_investment_incentives,local_expert,,0 / 2.5 / 5 / 7.5 / 10 per methodology_and_sources.md section 5
India,ri_trade_fdi_access,local_expert,,0 / 2.5 / 5 / 7.5 / 10 per methodology_and_sources.md section 5
India,sr_local_competition_overcapacity,local_expert,,0 / 2.5 / 5 / 7.5 / 10 per methodology_and_sources.md section 5
India,sr_ip_protection,local_expert,,0 / 2.5 / 5 / 7.5 / 10 per methodology_and_sources.md section 5
India,sr_political_trade_policy_risk,local_expert,,0 / 2.5 / 5 / 7.5 / 10 per methodology_and_sources.md section 5
Indonesia,pe_sugar_cost_position,local_expert,,0 / 2.5 / 5 / 7.5 / 10 per methodology_and_sources.md section 5
Indonesia,pe_steam_biomass_cogeneration,local_expert,,0 / 2.5 / 5 / 7.5 / 10 per methodology_and_sources.md section 5
Indonesia,pe_industrial_water_wastewater_infra,local_expert,,0 / 2.5 / 5 / 7.5 / 10 per methodology_and_sources.md section 5
Indonesia,pe_construction_epc_capability,local_expert,,0 / 2.5 / 5 / 7.5 / 10 per methodology_and_sources.md section 5
Indonesia,ma_premium_species,local_expert,,0 / 2.5 / 5 / 7.5 / 10 per methodology_and_sources.md section 5
Indonesia,ma_biomar_customer_proximity,local_expert,,0 / 2.5 / 5 / 7.5 / 10 per methodology_and_sources.md section 5
Indonesia,cr_existing_manufacturing,local_expert,,0 / 2.5 / 5 / 7.5 / 10 per methodology_and_sources.md section 5
Indonesia,cr_fermentation_talent,local_expert,,0 / 2.5 / 5 / 7.5 / 10 per methodology_and_sources.md section 5
Indonesia,cr_commercial_innovation_presence,local_expert,,0 / 2.5 / 5 / 7.5 / 10 per methodology_and_sources.md section 5
Indonesia,ri_product_approvals,local_expert,,0 / 2.5 / 5 / 7.5 / 10 per methodology_and_sources.md section 5
Indonesia,ri_local_production_permitting,local_expert,,0 / 2.5 / 5 / 7.5 / 10 per methodology_and_sources.md section 5
Indonesia,ri_investment_incentives,local_expert,,0 / 2.5 / 5 / 7.5 / 10 per methodology_and_sources.md section 5
Indonesia,ri_trade_fdi_access,local_expert,,0 / 2.5 / 5 / 7.5 / 10 per methodology_and_sources.md section 5
Indonesia,sr_local_competition_overcapacity,local_expert,,0 / 2.5 / 5 / 7.5 / 10 per methodology_and_sources.md section 5
Indonesia,sr_ip_protection,local_expert,,0 / 2.5 / 5 / 7.5 / 10 per methodology_and_sources.md section 5
Indonesia,sr_political_trade_policy_risk,local_expert,,0 / 2.5 / 5 / 7.5 / 10 per methodology_and_sources.md section 5
Mexico,pe_sugar_cost_position,local_expert,,0 / 2.5 / 5 / 7.5 / 10 per methodology_and_sources.md section 5
Mexico,pe_steam_biomass_cogeneration,local_expert,,0 / 2.5 / 5 / 7.5 / 10 per methodology_and_sources.md section 5
Mexico,pe_industrial_water_wastewater_infra,local_expert,,0 / 2.5 / 5 / 7.5 / 10 per methodology_and_sources.md section 5
Mexico,pe_construction_epc_capability,local_expert,,0 / 2.5 / 5 / 7.5 / 10 per methodology_and_sources.md section 5
Mexico,ma_premium_species,local_expert,,0 / 2.5 / 5 / 7.5 / 10 per methodology_and_sources.md section 5
Mexico,ma_biomar_customer_proximity,local_expert,,0 / 2.5 / 5 / 7.5 / 10 per methodology_and_sources.md section 5
Mexico,cr_existing_manufacturing,local_expert,,0 / 2.5 / 5 / 7.5 / 10 per methodology_and_sources.md section 5
Mexico,cr_fermentation_talent,local_expert,,0 / 2.5 / 5 / 7.5 / 10 per methodology_and_sources.md section 5
Mexico,cr_commercial_innovation_presence,local_expert,,0 / 2.5 / 5 / 7.5 / 10 per methodology_and_sources.md section 5
Mexico,ri_product_approvals,local_expert,,0 / 2.5 / 5 / 7.5 / 10 per methodology_and_sources.md section 5
Mexico,ri_local_production_permitting,local_expert,,0 / 2.5 / 5 / 7.5 / 10 per methodology_and_sources.md section 5
Mexico,ri_investment_incentives,local_expert,,0 / 2.5 / 5 / 7.5 / 10 per methodology_and_sources.md section 5
Mexico,ri_trade_fdi_access,local_expert,,0 / 2.5 / 5 / 7.5 / 10 per methodology_and_sources.md section 5
Mexico,sr_local_competition_overcapacity,local_expert,,0 / 2.5 / 5 / 7.5 / 10 per methodology_and_sources.md section 5
Mexico,sr_ip_protection,local_expert,,0 / 2.5 / 5 / 7.5 / 10 per methodology_and_sources.md section 5
Mexico,sr_political_trade_policy_risk,local_expert,,0 / 2.5 / 5 / 7.5 / 10 per methodology_and_sources.md section 5
Thailand,pe_sugar_cost_position,local_expert,,0 / 2.5 / 5 / 7.5 / 10 per methodology_and_sources.md section 5
Thailand,pe_steam_biomass_cogeneration,local_expert,,0 / 2.5 / 5 / 7.5 / 10 per methodology_and_sources.md section 5
Thailand,pe_industrial_water_wastewater_infra,local_expert,,0 / 2.5 / 5 / 7.5 / 10 per methodology_and_sources.md section 5
Thailand,pe_construction_epc_capability,local_expert,,0 / 2.5 / 5 / 7.5 / 10 per methodology_and_sources.md section 5
Thailand,ma_premium_species,local_expert,,0 / 2.5 / 5 / 7.5 / 10 per methodology_and_sources.md section 5
Thailand,ma_biomar_customer_proximity,local_expert,,0 / 2.5 / 5 / 7.5 / 10 per methodology_and_sources.md section 5
Thailand,cr_existing_manufacturing,local_expert,,0 / 2.5 / 5 / 7.5 / 10 per methodology_and_sources.md section 5
Thailand,cr_fermentation_talent,local_expert,,0 / 2.5 / 5 / 7.5 / 10 per methodology_and_sources.md section 5
Thailand,cr_commercial_innovation_presence,local_expert,,0 / 2.5 / 5 / 7.5 / 10 per methodology_and_sources.md section 5
Thailand,ri_product_approvals,local_expert,,0 / 2.5 / 5 / 7.5 / 10 per methodology_and_sources.md section 5
Thailand,ri_local_production_permitting,local_expert,,0 / 2.5 / 5 / 7.5 / 10 per methodology_and_sources.md section 5
Thailand,ri_investment_incentives,local_expert,,0 / 2.5 / 5 / 7.5 / 10 per methodology_and_sources.md section 5
Thailand,ri_trade_fdi_access,local_expert,,0 / 2.5 / 5 / 7.5 / 10 per methodology_and_sources.md section 5
Thailand,sr_local_competition_overcapacity,local_expert,,0 / 2.5 / 5 / 7.5 / 10 per methodology_and_sources.md section 5
Thailand,sr_ip_protection,local_expert,,0 / 2.5 / 5 / 7.5 / 10 per methodology_and_sources.md section 5
Thailand,sr_political_trade_policy_risk,local_expert,,0 / 2.5 / 5 / 7.5 / 10 per methodology_and_sources.md section 5
Vietnam,pe_sugar_cost_position,local_expert,,0 / 2.5 / 5 / 7.5 / 10 per methodology_and_sources.md section 5
Vietnam,pe_steam_biomass_cogeneration,local_expert,,0 / 2.5 / 5 / 7.5 / 10 per methodology_and_sources.md section 5
Vietnam,pe_industrial_water_wastewater_infra,local_expert,,0 / 2.5 / 5 / 7.5 / 10 per methodology_and_sources.md section 5
Vietnam,pe_construction_epc_capability,local_expert,,0 / 2.5 / 5 / 7.5 / 10 per methodology_and_sources.md section 5
Vietnam,ma_premium_species,local_expert,,0 / 2.5 / 5 / 7.5 / 10 per methodology_and_sources.md section 5
Vietnam,ma_biomar_customer_proximity,local_expert,,0 / 2.5 / 5 / 7.5 / 10 per methodology_and_sources.md section 5
Vietnam,cr_existing_manufacturing,local_expert,,0 / 2.5 / 5 / 7.5 / 10 per methodology_and_sources.md section 5
Vietnam,cr_fermentation_talent,local_expert,,0 / 2.5 / 5 / 7.5 / 10 per methodology_and_sources.md section 5
Vietnam,cr_commercial_innovation_presence,local_expert,,0 / 2.5 / 5 / 7.5 / 10 per methodology_and_sources.md section 5
Vietnam,ri_product_approvals,local_expert,,0 / 2.5 / 5 / 7.5 / 10 per methodology_and_sources.md section 5
Vietnam,ri_local_production_permitting,local_expert,,0 / 2.5 / 5 / 7.5 / 10 per methodology_and_sources.md section 5
Vietnam,ri_investment_incentives,local_expert,,0 / 2.5 / 5 / 7.5 / 10 per methodology_and_sources.md section 5
Vietnam,ri_trade_fdi_access,local_expert,,0 / 2.5 / 5 / 7.5 / 10 per methodology_and_sources.md section 5
Vietnam,sr_local_competition_overcapacity,local_expert,,0 / 2.5 / 5 / 7.5 / 10 per methodology_and_sources.md section 5
Vietnam,sr_ip_protection,local_expert,,0 / 2.5 / 5 / 7.5 / 10 per methodology_and_sources.md section 5
Vietnam,sr_political_trade_policy_risk,local_expert,,0 / 2.5 / 5 / 7.5 / 10 per methodology_and_sources.md section 5
