metric_id,n_raters,units_with_2plus,exact_agreement_pct,within_one_level_pct,krippendorff_alpha_interval
cr_commercial_innovation_presence,1,0,,,
cr_existing_manufacturing,1,0,,,
cr_fermentation_talent,1,0,,,
ma_biomar_customer_proximity,1,0,,,
ma_premium_species,1,0,,,
pe_construction_epc_capability,1,0,,,
pe_industrial_water_wastewater_infra,1,0,,,
pe_steam_biomass_cogeneration,1,0,,,
pe_sugar_cost_position,1,0,,,
ri_investment_incentives,1,0,,,
ri_local_production_permitting,1,0,,,
ri_product_approvals,1,0,,,
ri_trade_fdi_access,1,0,,,
sr_ip_protection,1,0,,,
sr_local_competition_overcapacity,1,0,,,
sr_political_trade_policy_risk,1,0,,,
ALL_RUBRICS,1,0,,,
