country,subcriterion,criterion,subcriterion_label,score,weight_in_criterion,data_coverage,missing_metrics
Brazil,cr_assets,corbion_readiness,"Existing plants, land and utilities",10.0,0.5,1.0,
Brazil,cr_commercial,corbion_readiness,Commercial offices / innovation / support,7.5,0.25,1.0,
Brazil,cr_talent,corbion_readiness,Technical personnel and fermentation skills,10.0,0.25,1.0,
Brazil,ma_aquafeed,market_access,Addressable aquafeed market size,5.333,0.35,1.0,
Brazil,ma_customers,market_access,Proximity to BioMar and other customers,5.0,0.15,1.0,
Brazil,ma_logistics,market_access,Ports and freight to priority markets,3.233,0.2,1.0,
Brazil,ma_species,market_access,"Premium, feed-intensive species",5.0,0.3,1.0,
Brazil,pe_energy,production_economics,"Electricity, renewable energy and steam",8.404,0.3,1.0,
Brazil,pe_labor,production_economics,Labour and construction costs,5.889,0.15,1.0,
Brazil,pe_sugar,production_economics,Sugar / glucose cost and availability,10.0,0.35,1.0,
Brazil,pe_water,production_economics,Industrial water and waste treatment,7.5,0.2,1.0,
Brazil,ri_approvals,regulation_incentives,"Feed, food and industrial approvals",10.0,0.4,1.0,
Brazil,ri_tax,regulation_incentives,Corporate tax and investment incentives,2.75,0.3,1.0,
Brazil,ri_trade,regulation_incentives,"Tariffs, trade agreements and FDI",2.5,0.3,1.0,
Brazil,sr_competition,strategic_risk,Local competition / excess capacity,10.0,0.5,1.0,
Brazil,sr_country,strategic_risk,"Political, currency, regulatory, commercial",4.167,0.4,1.0,
Brazil,sr_ip,strategic_risk,"Strain, patent and IP protection",5.0,0.1,1.0,
Chile,cr_assets,corbion_readiness,"Existing plants, land and utilities",0.0,0.5,1.0,
Chile,cr_commercial,corbion_readiness,Commercial offices / innovation / support,2.5,0.25,1.0,
Chile,cr_talent,corbion_readiness,Technical personnel and fermentation skills,2.5,0.25,1.0,
Chile,ma_aquafeed,market_access,Addressable aquafeed market size,4.631,0.35,1.0,
Chile,ma_customers,market_access,Proximity to BioMar and other customers,10.0,0.15,1.0,
Chile,ma_logistics,market_access,Ports and freight to priority markets,1.667,0.2,1.0,
Chile,ma_species,market_access,"Premium, feed-intensive species",10.0,0.3,1.0,
Chile,pe_energy,production_economics,"Electricity, renewable energy and steam",4.874,0.3,1.0,
Chile,pe_labor,production_economics,Labour and construction costs,2.35,0.15,1.0,
Chile,pe_sugar,production_economics,Sugar / glucose cost and availability,1.25,0.35,1.0,
Chile,pe_water,production_economics,Industrial water and waste treatment,6.393,0.2,1.0,
Chile,ri_approvals,regulation_incentives,"Feed, food and industrial approvals",6.5,0.4,1.0,
Chile,ri_tax,regulation_incentives,Corporate tax and investment incentives,3.25,0.3,1.0,
Chile,ri_trade,regulation_incentives,"Tariffs, trade agreements and FDI",10.0,0.3,1.0,
Chile,sr_competition,strategic_risk,Local competition / excess capacity,7.5,0.5,1.0,
Chile,sr_country,strategic_risk,"Political, currency, regulatory, commercial",7.917,0.4,1.0,
Chile,sr_ip,strategic_risk,"Strain, patent and IP protection",2.5,0.1,1.0,
China,cr_assets,corbion_readiness,"Existing plants, land and utilities",2.5,0.5,1.0,
China,cr_commercial,corbion_readiness,Commercial offices / innovation / support,5.0,0.25,1.0,
China,cr_talent,corbion_readiness,Technical personnel and fermentation skills,7.5,0.25,1.0,
China,ma_aquafeed,market_access,Addressable aquafeed market size,9.819,0.35,1.0,
China,ma_customers,market_access,Proximity to BioMar and other customers,10.0,0.15,1.0,
China,ma_logistics,market_access,Ports and freight to priority markets,5.869,0.2,1.0,
China,ma_species,market_access,"Premium, feed-intensive species",7.5,0.3,1.0,
China,pe_energy,production_economics,"Electricity, renewable energy and steam",6.36,0.3,1.0,
China,pe_labor,production_economics,Labour and construction costs,6.02,0.15,1.0,
China,pe_sugar,production_economics,Sugar / glucose cost and availability,4.828,0.35,1.0,
China,pe_water,production_economics,Industrial water and waste treatment,6.203,0.2,1.0,
China,ri_approvals,regulation_incentives,"Feed, food and industrial approvals",6.5,0.4,1.0,
China,ri_tax,regulation_incentives,Corporate tax and investment incentives,6.25,0.3,1.0,
China,ri_trade,regulation_incentives,"Tariffs, trade agreements and FDI",7.5,0.3,1.0,
China,sr_competition,strategic_risk,Local competition / excess capacity,0.0,0.5,1.0,
China,sr_country,strategic_risk,"Political, currency, regulatory, commercial",5.833,0.4,1.0,
China,sr_ip,strategic_risk,"Strain, patent and IP protection",2.5,0.1,1.0,
India,cr_assets,corbion_readiness,"Existing plants, land and utilities",2.5,0.5,1.0,
India,cr_commercial,corbion_readiness,Commercial offices / innovation / support,5.0,0.25,1.0,
India,cr_talent,corbion_readiness,Technical personnel and fermentation skills,5.0,0.25,1.0,
India,ma_aquafeed,market_access,Addressable aquafeed market size,6.092,0.35,1.0,
India,ma_customers,market_access,Proximity to BioMar and other customers,5.0,0.15,1.0,
India,ma_logistics,market_access,Ports and freight to priority markets,6.014,0.2,1.0,
India,ma_species,market_access,"Premium, feed-intensive species",7.5,0.3,1.0,
India,pe_energy,production_economics,"Electricity, renewable energy and steam",5.27,0.3,1.0,
India,pe_labor,production_economics,Labour and construction costs,8.824,0.15,1.0,
India,pe_sugar,production_economics,Sugar / glucose cost and availability,7.172,0.35,1.0,
India,pe_water,production_economics,Industrial water and waste treatment,3.4,0.2,1.0,
India,ri_approvals,regulation_incentives,"Feed, food and industrial approvals",3.5,0.4,1.0,
India,ri_tax,regulation_incentives,Corporate tax and investment incentives,4.958,0.3,1.0,
India,ri_trade,regulation_incentives,"Tariffs, trade agreements and FDI",5.0,0.3,1.0,
India,sr_competition,strategic_risk,Local competition / excess capacity,7.5,0.5,1.0,
India,sr_country,strategic_risk,"Political, currency, regulatory, commercial",5.417,0.4,1.0,
India,sr_ip,strategic_risk,"Strain, patent and IP protection",2.5,0.1,1.0,
Indonesia,cr_assets,corbion_readiness,"Existing plants, land and utilities",0.0,0.5,1.0,
Indonesia,cr_commercial,corbion_readiness,Commercial offices / innovation / support,2.5,0.25,1.0,
Indonesia,cr_talent,corbion_readiness,Technical personnel and fermentation skills,2.5,0.25,1.0,
Indonesia,ma_aquafeed,market_access,Addressable aquafeed market size,5.275,0.35,1.0,
Indonesia,ma_customers,market_access,Proximity to BioMar and other customers,5.0,0.15,1.0,
Indonesia,ma_logistics,market_access,Ports and freight to priority markets,4.993,0.2,1.0,
Indonesia,ma_species,market_access,"Premium, feed-intensive species",5.0,0.3,1.0,
Indonesia,pe_energy,production_economics,"Electricity, renewable energy and steam",5.593,0.3,1.0,
Indonesia,pe_labor,production_economics,Labour and construction costs,6.922,0.15,1.0,
Indonesia,pe_sugar,production_economics,Sugar / glucose cost and availability,3.174,0.35,1.0,
Indonesia,pe_water,production_economics,Industrial water and waste treatment,5.853,0.2,1.0,
Indonesia,ri_approvals,regulation_incentives,"Feed, food and industrial approvals",3.5,0.4,1.0,
Indonesia,ri_tax,regulation_incentives,Corporate tax and investment incentives,7.0,0.3,1.0,
Indonesia,ri_trade,regulation_incentives,"Tariffs, trade agreements and FDI",7.5,0.3,1.0,
Indonesia,sr_competition,strategic_risk,Local competition / excess capacity,7.5,0.5,1.0,
Indonesia,sr_country,strategic_risk,"Political, currency, regulatory, commercial",5.417,0.4,1.0,
Indonesia,sr_ip,strategic_risk,"Strain, patent and IP protection",2.5,0.1,1.0,
Mexico,cr_assets,corbion_readiness,"Existing plants, land and utilities",5.0,0.5,1.0,
Mexico,cr_commercial,corbion_readiness,Commercial offices / innovation / support,7.5,0.25,1.0,
Mexico,cr_talent,corbion_readiness,Technical personnel and fermentation skills,5.0,0.25,1.0,
Mexico,ma_aquafeed,market_access,Addressable aquafeed market size,2.511,0.35,1.0,
Mexico,ma_customers,market_access,Proximity to BioMar and other customers,5.0,0.15,1.0,
Mexico,ma_logistics,market_access,Ports and freight to priority markets,2.678,0.2,1.0,
Mexico,ma_species,market_access,"Premium, feed-intensive species",5.0,0.3,1.0,
Mexico,pe_energy,production_economics,"Electricity, renewable energy and steam",2.716,0.3,1.0,
Mexico,pe_labor,production_economics,Labour and construction costs,3.58,0.15,1.0,
Mexico,pe_sugar,production_economics,Sugar / glucose cost and availability,5.234,0.35,1.0,
Mexico,pe_water,production_economics,Industrial water and waste treatment,4.867,0.2,1.0,
Mexico,ri_approvals,regulation_incentives,"Feed, food and industrial approvals",6.0,0.4,1.0,
Mexico,ri_tax,regulation_incentives,Corporate tax and investment incentives,3.75,0.3,1.0,
Mexico,ri_trade,regulation_incentives,"Tariffs, trade agreements and FDI",5.0,0.3,1.0,
Mexico,sr_competition,strategic_risk,Local competition / excess capacity,10.0,0.5,1.0,
Mexico,sr_country,strategic_risk,"Political, currency, regulatory, commercial",5.417,0.4,1.0,
Mexico,sr_ip,strategic_risk,"Strain, patent and IP protection",5.0,0.1,1.0,
Thailand,cr_assets,corbion_readiness,"Existing plants, land and utilities",7.5,0.5,1.0,
Thailand,cr_commercial,corbion_readiness,Commercial offices / innovation / support,7.5,0.25,1.0,
Thailand,cr_talent,corbion_readiness,Technical personnel and fermentation skills,7.5,0.25,1.0,
Thailand,ma_aquafeed,market_access,Addressable aquafeed market size,4.259,0.35,1.0,
Thailand,ma_customers,market_access,Proximity to BioMar and other customers,7.5,0.15,1.0,
Thailand,ma_logistics,market_access,Ports and freight to priority markets,6.748,0.2,1.0,
Thailand,ma_species,market_access,"Premium, feed-intensive species",7.5,0.3,1.0,
Thailand,pe_energy,production_economics,"Electricity, renewable energy and steam",4.998,0.3,1.0,
Thailand,pe_labor,production_economics,Labour and construction costs,7.057,0.15,1.0,
Thailand,pe_sugar,production_economics,Sugar / glucose cost and availability,7.308,0.35,1.0,
Thailand,pe_water,production_economics,Industrial water and waste treatment,7.55,0.2,1.0,
Thailand,ri_approvals,regulation_incentives,"Feed, food and industrial approvals",6.0,0.4,1.0,
Thailand,ri_tax,regulation_incentives,Corporate tax and investment incentives,8.75,0.3,1.0,
Thailand,ri_trade,regulation_incentives,"Tariffs, trade agreements and FDI",7.5,0.3,1.0,
Thailand,sr_competition,strategic_risk,Local competition / excess capacity,7.5,0.5,1.0,
Thailand,sr_country,strategic_risk,"Political, currency, regulatory, commercial",5.833,0.4,1.0,
Thailand,sr_ip,strategic_risk,"Strain, patent and IP protection",5.0,0.1,1.0,
Vietnam,cr_assets,corbion_readiness,"Existing plants, land and utilities",0.0,0.5,1.0,
Vietnam,cr_commercial,corbion_readiness,Commercial offices / innovation / support,2.5,0.25,1.0,
Vietnam,cr_talent,corbion_readiness,Technical personnel and fermentation skills,2.5,0.25,1.0,
Vietnam,ma_aquafeed,market_access,Addressable aquafeed market size,7.56,0.35,1.0,
Vietnam,ma_customers,market_access,Proximity to BioMar and other customers,10.0,0.15,1.0,
Vietnam,ma_logistics,market_access,Ports and freight to priority markets,4.889,0.2,1.0,
Vietnam,ma_species,market_access,"Premium, feed-intensive species",7.5,0.3,1.0,
Vietnam,pe_energy,production_economics,"Electricity, renewable energy and steam",6.332,0.3,1.0,
Vietnam,pe_labor,production_economics,Labour and construction costs,7.144,0.15,1.0,
Vietnam,pe_sugar,production_economics,Sugar / glucose cost and availability,2.383,0.35,1.0,
Vietnam,pe_water,production_economics,Industrial water and waste treatment,6.627,0.2,1.0,
Vietnam,ri_approvals,regulation_incentives,"Feed, food and industrial approvals",3.5,0.4,1.0,
Vietnam,ri_tax,regulation_incentives,Corporate tax and investment incentives,7.5,0.3,1.0,
Vietnam,ri_trade,regulation_incentives,"Tariffs, trade agreements and FDI",10.0,0.3,1.0,
Vietnam,sr_competition,strategic_risk,Local competition / excess capacity,7.5,0.5,1.0,
Vietnam,sr_country,strategic_risk,"Political, currency, regulatory, commercial",4.583,0.4,1.0,
Vietnam,sr_ip,strategic_risk,"Strain, patent and IP protection",0.0,0.1,1.0,
