weight_market_access,Brazil,Chile,China,India,Indonesia,Mexico,Thailand,Vietnam
0.05,7.5973,4.6764,5.0541,5.402,4.7467,5.382,6.8665,4.9298
0.06,7.5675,4.6952,5.0889,5.4119,4.7503,5.3639,6.8597,4.9555
0.07,7.5377,4.7139,5.1237,5.4217,4.754,5.3459,6.8528,4.9812
0.08,7.5078,4.7326,5.1585,5.4315,4.7577,5.3278,6.8459,5.007
0.09,7.478,4.7513,5.1933,5.4413,4.7613,5.3097,6.8391,5.0327
0.1,7.4482,4.77,5.2281,5.4512,4.765,5.2916,6.8322,5.0584
0.11,7.4183,4.7887,5.2629,5.461,4.7687,5.2735,6.8254,5.0842
0.12,7.3885,4.8074,5.2977,5.4708,4.7723,5.2555,6.8185,5.1099
0.13,7.3587,4.8262,5.3325,5.4806,4.776,5.2374,6.8117,5.1356
0.14,7.3288,4.8449,5.3673,5.4904,4.7797,5.2193,6.8048,5.1613
0.15,7.299,4.8636,5.4021,5.5003,4.7833,5.2012,6.7979,5.1871
0.16,7.2692,4.8823,5.4369,5.5101,4.787,5.1831,6.7911,5.2128
0.17,7.2393,4.901,5.4717,5.5199,4.7906,5.1651,6.7842,5.2385
0.18,7.2095,4.9197,5.5065,5.5297,4.7943,5.147,6.7774,5.2642
0.19,7.1797,4.9384,5.5413,5.5395,4.798,5.1289,6.7705,5.29
0.2,7.1498,4.9572,5.5761,5.5494,4.8016,5.1108,6.7637,5.3157
0.21,7.12,4.9759,5.6109,5.5592,4.8053,5.0927,6.7568,5.3414
0.22,7.0902,4.9946,5.6457,5.569,4.809,5.0747,6.75,5.3672
0.23,7.0603,5.0133,5.6805,5.5788,4.8126,5.0566,6.7431,5.3929
0.24,7.0305,5.032,5.7153,5.5886,4.8163,5.0385,6.7362,5.4186
0.25,7.0006,5.0507,5.7501,5.5985,4.82,5.0204,6.7294,5.4443
0.26,6.9708,5.0694,5.7849,5.6083,4.8236,5.0023,6.7225,5.4701
0.27,6.941,5.0882,5.8197,5.6181,4.8273,4.9843,6.7157,5.4958
0.28,6.9111,5.1069,5.8545,5.6279,4.831,4.9662,6.7088,5.5215
0.29,6.8813,5.1256,5.8893,5.6378,4.8346,4.9481,6.702,5.5473
0.3,6.8515,5.1443,5.9241,5.6476,4.8383,4.93,6.6951,5.573
0.31,6.8216,5.163,5.9589,5.6574,4.8419,4.9119,6.6883,5.5987
0.32,6.7918,5.1817,5.9937,5.6672,4.8456,4.8939,6.6814,5.6244
0.33,6.762,5.2005,6.0285,5.677,4.8493,4.8758,6.6745,5.6502
0.34,6.7321,5.2192,6.0633,5.6869,4.8529,4.8577,6.6677,5.6759
0.35,6.7023,5.2379,6.0982,5.6967,4.8566,4.8396,6.6608,5.7016
0.36,6.6725,5.2566,6.133,5.7065,4.8603,4.8215,6.654,5.7273
0.37,6.6426,5.2753,6.1678,5.7163,4.8639,4.8035,6.6471,5.7531
0.38,6.6128,5.294,6.2026,5.7261,4.8676,4.7854,6.6403,5.7788
0.39,6.583,5.3127,6.2374,5.736,4.8713,4.7673,6.6334,5.8045
0.4,6.5531,5.3315,6.2722,5.7458,4.8749,4.7492,6.6265,5.8303
0.41,6.5233,5.3502,6.307,5.7556,4.8786,4.7311,6.6197,5.856
0.42,6.4935,5.3689,6.3418,5.7654,4.8823,4.7131,6.6128,5.8817
0.43,6.4636,5.3876,6.3766,5.7752,4.8859,4.695,6.606,5.9074
0.44,6.4338,5.4063,6.4114,5.7851,4.8896,4.6769,6.5991,5.9332
0.45,6.404,5.425,6.4462,5.7949,4.8932,4.6588,6.5923,5.9589
0.46,6.3741,5.4437,6.481,5.8047,4.8969,4.6407,6.5854,5.9846
0.47,6.3443,5.4625,6.5158,5.8145,4.9006,4.6227,6.5786,6.0104
0.48,6.3144,5.4812,6.5506,5.8244,4.9042,4.6046,6.5717,6.0361
0.49,6.2846,5.4999,6.5854,5.8342,4.9079,4.5865,6.5648,6.0618
0.5,6.2548,5.5186,6.6202,5.844,4.9116,4.5684,6.558,6.0875
0.51,6.2249,5.5373,6.655,5.8538,4.9152,4.5503,6.5511,6.1133
0.52,6.1951,5.556,6.6898,5.8636,4.9189,4.5323,6.5443,6.139
0.53,6.1653,5.5747,6.7246,5.8735,4.9226,4.5142,6.5374,6.1647
0.54,6.1354,5.5935,6.7594,5.8833,4.9262,4.4961,6.5306,6.1905
0.55,6.1056,5.6122,6.7942,5.8931,4.9299,4.478,6.5237,6.2162
0.56,6.0758,5.6309,6.829,5.9029,4.9336,4.4599,6.5168,6.2419
0.57,6.0459,5.6496,6.8638,5.9127,4.9372,4.4419,6.51,6.2676
0.58,6.0161,5.6683,6.8986,5.9226,4.9409,4.4238,6.5031,6.2934
0.59,5.9863,5.687,6.9334,5.9324,4.9445,4.4057,6.4963,6.3191
0.6,5.9564,5.7057,6.9682,5.9422,4.9482,4.3876,6.4894,6.3448
