weight_production_economics,Brazil,Chile,China,India,Indonesia,Mexico,Thailand,Vietnam
0.05,6.7017,5.4666,5.5171,5.3546,4.7316,5.4515,6.8129,5.3817
0.06,6.7196,5.4462,5.5195,5.3624,4.7344,5.4378,6.811,5.3791
0.07,6.7375,5.4259,5.5218,5.3702,4.7372,5.4242,6.809,5.3764
0.08,6.7555,5.4055,5.5242,5.3779,4.74,5.4106,6.807,5.3738
0.09,6.7734,5.3851,5.5266,5.3857,4.7428,5.397,6.8051,5.3712
0.1,6.7913,5.3647,5.5289,5.3935,4.7456,5.3833,6.8031,5.3685
0.11,6.8092,5.3443,5.5313,5.4013,4.7484,5.3697,6.8011,5.3659
0.12,6.8272,5.324,5.5336,5.4091,4.7512,5.3561,6.7991,5.3632
0.13,6.8451,5.3036,5.536,5.4169,4.754,5.3425,6.7972,5.3606
0.14,6.863,5.2832,5.5384,5.4247,4.7568,5.3288,6.7952,5.358
0.15,6.8809,5.2628,5.5407,5.4325,4.7596,5.3152,6.7932,5.3553
0.16,6.8989,5.2425,5.5431,5.4403,4.7624,5.3016,6.7913,5.3527
0.17,6.9168,5.2221,5.5454,5.4481,4.7652,5.288,6.7893,5.35
0.18,6.9347,5.2017,5.5478,5.4559,4.768,5.2743,6.7873,5.3474
0.19,6.9526,5.1813,5.5502,5.4637,4.7708,5.2607,6.7853,5.3448
0.2,6.9706,5.1609,5.5525,5.4714,4.7736,5.2471,6.7834,5.3421
0.21,6.9885,5.1406,5.5549,5.4792,4.7764,5.2335,6.7814,5.3395
0.22,7.0064,5.1202,5.5572,5.487,4.7792,5.2198,6.7794,5.3368
0.23,7.0243,5.0998,5.5596,5.4948,4.782,5.2062,6.7775,5.3342
0.24,7.0423,5.0794,5.562,5.5026,4.7848,5.1926,6.7755,5.3315
0.25,7.0602,5.059,5.5643,5.5104,4.7876,5.179,6.7735,5.3289
0.26,7.0781,5.0387,5.5667,5.5182,4.7904,5.1653,6.7716,5.3263
0.27,7.096,5.0183,5.569,5.526,4.7932,5.1517,6.7696,5.3236
0.28,7.114,4.9979,5.5714,5.5338,4.796,5.1381,6.7676,5.321
0.29,7.1319,4.9775,5.5738,5.5416,4.7988,5.1245,6.7656,5.3183
0.3,7.1498,4.9572,5.5761,5.5494,4.8016,5.1108,6.7637,5.3157
0.31,7.1677,4.9368,5.5785,5.5572,4.8044,5.0972,6.7617,5.3131
0.32,7.1857,4.9164,5.5808,5.5649,4.8072,5.0836,6.7597,5.3104
0.33,7.2036,4.896,5.5832,5.5727,4.81,5.0699,6.7578,5.3078
0.34,7.2215,4.8756,5.5855,5.5805,4.8129,5.0563,6.7558,5.3051
0.35,7.2395,4.8553,5.5879,5.5883,4.8157,5.0427,6.7538,5.3025
0.36,7.2574,4.8349,5.5903,5.5961,4.8185,5.0291,6.7518,5.2999
0.37,7.2753,4.8145,5.5926,5.6039,4.8213,5.0154,6.7499,5.2972
0.38,7.2932,4.7941,5.595,5.6117,4.8241,5.0018,6.7479,5.2946
0.39,7.3112,4.7738,5.5973,5.6195,4.8269,4.9882,6.7459,5.2919
0.4,7.3291,4.7534,5.5997,5.6273,4.8297,4.9746,6.744,5.2893
0.41,7.347,4.733,5.6021,5.6351,4.8325,4.9609,6.742,5.2866
0.42,7.3649,4.7126,5.6044,5.6429,4.8353,4.9473,6.74,5.284
0.43,7.3829,4.6922,5.6068,5.6507,4.8381,4.9337,6.738,5.2814
0.44,7.4008,4.6719,5.6091,5.6584,4.8409,4.9201,6.7361,5.2787
0.45,7.4187,4.6515,5.6115,5.6662,4.8437,4.9064,6.7341,5.2761
0.46,7.4366,4.6311,5.6139,5.674,4.8465,4.8928,6.7321,5.2734
0.47,7.4546,4.6107,5.6162,5.6818,4.8493,4.8792,6.7302,5.2708
0.48,7.4725,4.5904,5.6186,5.6896,4.8521,4.8656,6.7282,5.2682
0.49,7.4904,4.57,5.6209,5.6974,4.8549,4.8519,6.7262,5.2655
0.5,7.5083,4.5496,5.6233,5.7052,4.8577,4.8383,6.7243,5.2629
0.51,7.5263,4.5292,5.6257,5.713,4.8605,4.8247,6.7223,5.2602
0.52,7.5442,4.5088,5.628,5.7208,4.8633,4.8111,6.7203,5.2576
0.53,7.5621,4.4885,5.6304,5.7286,4.8661,4.7974,6.7183,5.255
0.54,7.58,4.4681,5.6327,5.7364,4.8689,4.7838,6.7164,5.2523
0.55,7.598,4.4477,5.6351,5.7442,4.8717,4.7702,6.7144,5.2497
0.56,7.6159,4.4273,5.6375,5.7519,4.8745,4.7566,6.7124,5.247
0.57,7.6338,4.407,5.6398,5.7597,4.8773,4.7429,6.7105,5.2444
0.58,7.6517,4.3866,5.6422,5.7675,4.8801,4.7293,6.7085,5.2418
0.59,7.6697,4.3662,5.6445,5.7753,4.8829,4.7157,6.7065,5.2391
0.6,7.6876,4.3458,5.6469,5.7831,4.8857,4.7021,6.7045,5.2365
